<?xml version="1.0" encoding="US-ASCII"?>

<!--
  Bayesian network in XMLBIF v0.3 (BayesNet Interchange Format)
  Produced by SamIam http://reasoning.cs.ucla.edu/samiam
  Output created Apr 28, 2016 2:16:59 AM
-->

<BIF VERSION="0.3">
<NETWORK>
  <NAME>bayesiannetwork</NAME>

  <VARIABLE TYPE="nature">
    <NAME>Compensation of employees (current LCU) [GC.XPN.COMP.CN]</NAME>
    <OUTCOME>low</OUTCOME>
    <OUTCOME>med</OUTCOME>
    <OUTCOME>high</OUTCOME>
    <PROPERTY>position = (0, 256)</PROPERTY>
  </VARIABLE>

  <VARIABLE TYPE="nature">
    <NAME>Exogenous spending</NAME>
    <OUTCOME>low</OUTCOME>
    <OUTCOME>med</OUTCOME>
    <OUTCOME>high</OUTCOME>
    <PROPERTY>position = (-870, 384)</PROPERTY>
  </VARIABLE>

  <VARIABLE TYPE="nature">
    <NAME>Gross capital formation (current LCU) [NE.GDI.TOTL.CN]</NAME>
    <OUTCOME>low</OUTCOME>
    <OUTCOME>med</OUTCOME>
    <OUTCOME>high</OUTCOME>
    <PROPERTY>position = (-544, 256)</PROPERTY>
  </VARIABLE>

  <VARIABLE TYPE="nature">
    <NAME>Previous Gross capital formation (current LCU) [NE.GDI.TOTL.CN]</NAME>
    <OUTCOME>low</OUTCOME>
    <OUTCOME>med</OUTCOME>
    <OUTCOME>high</OUTCOME>
    <PROPERTY>position = (-725, 0)</PROPERTY>
  </VARIABLE>

  <VARIABLE TYPE="nature">
    <NAME>Final consumption expenditure (constant LCU) [NE.CON.TOTL.KN]</NAME>
    <OUTCOME>low</OUTCOME>
    <OUTCOME>med</OUTCOME>
    <OUTCOME>high</OUTCOME>
    <PROPERTY>position = (0, 384)</PROPERTY>
  </VARIABLE>

  <VARIABLE TYPE="nature">
    <NAME>Previous Compensation of employees (current LCU) [GC.XPN.COMP.CN]</NAME>
    <OUTCOME>low</OUTCOME>
    <OUTCOME>med</OUTCOME>
    <OUTCOME>high</OUTCOME>
    <PROPERTY>position = (-362, 0)</PROPERTY>
  </VARIABLE>

  <VARIABLE TYPE="nature">
    <NAME>Portfolio Investment, net (BoP, current US$) [BN.KLT.PTXL.CD]</NAME>
    <OUTCOME>low</OUTCOME>
    <OUTCOME>med</OUTCOME>
    <OUTCOME>high</OUTCOME>
    <PROPERTY>position = (-217, 384)</PROPERTY>
  </VARIABLE>

  <VARIABLE TYPE="nature">
    <NAME>Previous Net capital account (BoP, current US$) [BN.TRF.KOGT.CD]</NAME>
    <OUTCOME>low</OUTCOME>
    <OUTCOME>med</OUTCOME>
    <OUTCOME>high</OUTCOME>
    <PROPERTY>position = (-725, 128)</PROPERTY>
  </VARIABLE>

  <VARIABLE TYPE="nature">
    <NAME>Inflation, consumer prices (annual %) [FP.CPI.TOTL.ZG]</NAME>
    <OUTCOME>low</OUTCOME>
    <OUTCOME>med</OUTCOME>
    <OUTCOME>high</OUTCOME>
    <PROPERTY>position = (0, 0)</PROPERTY>
  </VARIABLE>

  <VARIABLE TYPE="nature">
    <NAME>Lending interest rate (%) [FR.INR.LEND]</NAME>
    <OUTCOME>low</OUTCOME>
    <OUTCOME>med</OUTCOME>
    <OUTCOME>high</OUTCOME>
    <PROPERTY>position = (-272, 256)</PROPERTY>
  </VARIABLE>

  <VARIABLE TYPE="nature">
    <NAME>Wage and salaried workers, total (% of total employed) [SL.EMP.WORK.ZS]</NAME>
    <OUTCOME>low</OUTCOME>
    <OUTCOME>med</OUTCOME>
    <OUTCOME>high</OUTCOME>
    <PROPERTY>position = (-435, 384)</PROPERTY>
  </VARIABLE>

  <VARIABLE TYPE="nature">
    <NAME>Capital-labour ratio</NAME>
    <OUTCOME>low</OUTCOME>
    <OUTCOME>med</OUTCOME>
    <OUTCOME>high</OUTCOME>
    <PROPERTY>position = (-816, 256)</PROPERTY>
  </VARIABLE>

  <VARIABLE TYPE="nature">
    <NAME>Net capital account (BoP, current US$) [BN.TRF.KOGT.CD]</NAME>
    <OUTCOME>low</OUTCOME>
    <OUTCOME>med</OUTCOME>
    <OUTCOME>high</OUTCOME>
    <PROPERTY>position = (-652, 384)</PROPERTY>
  </VARIABLE>

  <VARIABLE TYPE="nature">
    <NAME>GDP (constant LCU) [NY.GDP.MKTP.KN]</NAME>
    <OUTCOME>low</OUTCOME>
    <OUTCOME>med</OUTCOME>
    <OUTCOME>high</OUTCOME>
    <PROPERTY>position = (0, 512)</PROPERTY>
  </VARIABLE>

  <VARIABLE TYPE="nature">
    <NAME>Previous Portfolio Investment, net (BoP, current US$) [BN.KLT.PTXL.CD]</NAME>
    <OUTCOME>low</OUTCOME>
    <OUTCOME>med</OUTCOME>
    <OUTCOME>high</OUTCOME>
    <PROPERTY>position = (-362, 128)</PROPERTY>
  </VARIABLE>

  <VARIABLE TYPE="nature">
    <NAME>Previous Final consumption expenditure (constant LCU) [NE.CON.TOTL.KN]</NAME>
    <OUTCOME>low</OUTCOME>
    <OUTCOME>med</OUTCOME>
    <OUTCOME>high</OUTCOME>
    <PROPERTY>position = (0, 128)</PROPERTY>
  </VARIABLE>

  <DEFINITION>
    <FOR>Compensation of employees (current LCU) [GC.XPN.COMP.CN]</FOR>
    <TABLE>0.3333333333333333 0.3333333333333333 0.3333333333333333 </TABLE>
  </DEFINITION>

  <DEFINITION>
    <FOR>Exogenous spending</FOR>
    <TABLE>0.3333333333333333 0.3333333333333333 0.3333333333333333 </TABLE>
  </DEFINITION>

  <DEFINITION>
    <FOR>Gross capital formation (current LCU) [NE.GDI.TOTL.CN]</FOR>
    <TABLE>0.3333333333333333 0.3333333333333333 0.3333333333333333 </TABLE>
  </DEFINITION>

  <DEFINITION>
    <FOR>Previous Gross capital formation (current LCU) [NE.GDI.TOTL.CN]</FOR>
    <TABLE>0.3333333333333333 0.3333333333333333 0.3333333333333333 </TABLE>
  </DEFINITION>

  <DEFINITION>
    <FOR>Final consumption expenditure (constant LCU) [NE.CON.TOTL.KN]</FOR>
    <TABLE>0.3333333333333333 0.3333333333333333 0.3333333333333333 </TABLE>
  </DEFINITION>

  <DEFINITION>
    <FOR>Previous Compensation of employees (current LCU) [GC.XPN.COMP.CN]</FOR>
    <TABLE>0.3333333333333333 0.3333333333333333 0.3333333333333333 </TABLE>
  </DEFINITION>

  <DEFINITION>
    <FOR>Portfolio Investment, net (BoP, current US$) [BN.KLT.PTXL.CD]</FOR>
    <TABLE>0.3333333333333333 0.3333333333333333 0.3333333333333333 </TABLE>
  </DEFINITION>

  <DEFINITION>
    <FOR>Previous Net capital account (BoP, current US$) [BN.TRF.KOGT.CD]</FOR>
    <TABLE>0.3333333333333333 0.3333333333333333 0.3333333333333333 </TABLE>
  </DEFINITION>

  <DEFINITION>
    <FOR>Inflation, consumer prices (annual %) [FP.CPI.TOTL.ZG]</FOR>
    <TABLE>0.3333333333333333 0.3333333333333333 0.3333333333333333 </TABLE>
  </DEFINITION>

  <DEFINITION>
    <FOR>Lending interest rate (%) [FR.INR.LEND]</FOR>
    <TABLE>0.3333333333333333 0.3333333333333333 0.3333333333333333 </TABLE>
  </DEFINITION>

  <DEFINITION>
    <FOR>Wage and salaried workers, total (% of total employed) [SL.EMP.WORK.ZS]</FOR>
    <TABLE>0.3333333333333333 0.3333333333333333 0.3333333333333333 </TABLE>
  </DEFINITION>

  <DEFINITION>
    <FOR>Capital-labour ratio</FOR>
    <TABLE>0.3333333333333333 0.3333333333333333 0.3333333333333333 </TABLE>
  </DEFINITION>

  <DEFINITION>
    <FOR>Net capital account (BoP, current US$) [BN.TRF.KOGT.CD]</FOR>
    <GIVEN>Previous Portfolio Investment, net (BoP, current US$) [BN.KLT.PTXL.CD]</GIVEN>
    <TABLE>0.3333333333333333 0.3333333333333333 0.3333333333333333 0.3333333333333333 0.3333333333333333 0.3333333333333333 0.3333333333333333 0.3333333333333333 0.3333333333333333 </TABLE>
  </DEFINITION>

  <DEFINITION>
    <FOR>GDP (constant LCU) [NY.GDP.MKTP.KN]</FOR>
    <GIVEN>Portfolio Investment, net (BoP, current US$) [BN.KLT.PTXL.CD]</GIVEN>
    <GIVEN>Wage and salaried workers, total (% of total employed) [SL.EMP.WORK.ZS]</GIVEN>
    <GIVEN>Net capital account (BoP, current US$) [BN.TRF.KOGT.CD]</GIVEN>
    <TABLE>0.3333333333333333 0.3333333333333333 0.3333333333333333 0.3333333333333333 0.3333333333333333 0.3333333333333333 0.3333333333333333 0.3333333333333333 0.3333333333333333 0.3333333333333333 0.3333333333333333 0.3333333333333333 0.3333333333333333 0.3333333333333333 0.3333333333333333 0.3333333333333333 0.3333333333333333 0.3333333333333333 0.3333333333333333 0.3333333333333333 0.3333333333333333 0.3333333333333333 0.3333333333333333 0.3333333333333333 0.3333333333333333 0.3333333333333333 0.3333333333333333 0.3333333333333333 0.3333333333333333 0.3333333333333333 0.3333333333333333 0.3333333333333333 0.3333333333333333 0.3333333333333333 0.3333333333333333 0.3333333333333333 0.3333333333333333 0.3333333333333333 0.3333333333333333 0.3333333333333333 0.3333333333333333 0.3333333333333333 0.3333333333333333 0.3333333333333333 0.3333333333333333 0.3333333333333333 0.3333333333333333 0.3333333333333333 0.3333333333333333 0.3333333333333333 0.3333333333333333 0.3333333333333333 0.3333333333333333 0.3333333333333333 0.3333333333333333 0.3333333333333333 0.3333333333333333 0.3333333333333333 0.3333333333333333 0.3333333333333333 0.3333333333333333 0.3333333333333333 0.3333333333333333 0.3333333333333333 0.3333333333333333 0.3333333333333333 0.3333333333333333 0.3333333333333333 0.3333333333333333 0.3333333333333333 0.3333333333333333 0.3333333333333333 0.3333333333333333 0.3333333333333333 0.3333333333333333 0.3333333333333333 0.3333333333333333 0.3333333333333333 0.3333333333333333 0.3333333333333333 0.3333333333333333 </TABLE>
  </DEFINITION>

  <DEFINITION>
    <FOR>Previous Portfolio Investment, net (BoP, current US$) [BN.KLT.PTXL.CD]</FOR>
    <TABLE>0.3333333333333333 0.3333333333333333 0.3333333333333333 </TABLE>
  </DEFINITION>

  <DEFINITION>
    <FOR>Previous Final consumption expenditure (constant LCU) [NE.CON.TOTL.KN]</FOR>
    <TABLE>0.3333333333333333 0.3333333333333333 0.3333333333333333 </TABLE>
  </DEFINITION>

</NETWORK>
</BIF>
