<?xml version="1.0" encoding="US-ASCII"?>

<!--
  Bayesian network in XMLBIF v0.3 (BayesNet Interchange Format)
  Produced by SamIam http://reasoning.cs.ucla.edu/samiam
  Output created Apr 19, 2016 2:49:16 PM
-->

<BIF VERSION="0.3">
<NETWORK>
  <NAME>bayesiannetwork</NAME>

  <VARIABLE TYPE="nature">
    <NAME>Labor force with primary education (% of total) [SL.TLF.PRIM.ZS]</NAME>
    <OUTCOME>low</OUTCOME>
    <OUTCOME>med</OUTCOME>
    <OUTCOME>high</OUTCOME>
    <PROPERTY>position = (0, 128)</PROPERTY>
  </VARIABLE>

  <VARIABLE TYPE="nature">
    <NAME>Manufacturing, value added (% of GDP) [NV.IND.MANF.ZS]</NAME>
    <OUTCOME>low</OUTCOME>
    <OUTCOME>med</OUTCOME>
    <OUTCOME>high</OUTCOME>
    <PROPERTY>position = (-435, 384)</PROPERTY>
  </VARIABLE>

  <VARIABLE TYPE="nature">
    <NAME>Services, etc., value added (% of GDP) [NV.SRV.TETC.ZS]</NAME>
    <OUTCOME>low</OUTCOME>
    <OUTCOME>med</OUTCOME>
    <OUTCOME>high</OUTCOME>
    <PROPERTY>position = (-652, 384)</PROPERTY>
  </VARIABLE>

  <VARIABLE TYPE="nature">
    <NAME>Labor force with secondary education (% of total) [SL.TLF.SECO.ZS]</NAME>
    <OUTCOME>low</OUTCOME>
    <OUTCOME>med</OUTCOME>
    <OUTCOME>high</OUTCOME>
    <PROPERTY>position = (-362, 128)</PROPERTY>
  </VARIABLE>

  <VARIABLE TYPE="nature">
    <NAME>Net official development assistance and official aid received (constant 2012 US$) [DT.ODA.ALLD.KD]</NAME>
    <OUTCOME>low</OUTCOME>
    <OUTCOME>med</OUTCOME>
    <OUTCOME>high</OUTCOME>
    <PROPERTY>position = (-816, 256)</PROPERTY>
  </VARIABLE>

  <VARIABLE TYPE="nature">
    <NAME>Industry, value added (% of GDP) [NV.IND.TOTL.ZS]</NAME>
    <OUTCOME>low</OUTCOME>
    <OUTCOME>med</OUTCOME>
    <OUTCOME>high</OUTCOME>
    <PROPERTY>position = (-217, 384)</PROPERTY>
  </VARIABLE>

  <VARIABLE TYPE="nature">
    <NAME>Previous GDP growth (annual %) [NY.GDP.MKTP.KD.ZG]</NAME>
    <OUTCOME>low</OUTCOME>
    <OUTCOME>med</OUTCOME>
    <OUTCOME>high</OUTCOME>
    <PROPERTY>position = (0, 0)</PROPERTY>
  </VARIABLE>

  <VARIABLE TYPE="nature">
    <NAME>Scientific and technical journal articles [IP.JRN.ARTC.SC]</NAME>
    <OUTCOME>low</OUTCOME>
    <OUTCOME>med</OUTCOME>
    <OUTCOME>high</OUTCOME>
    <PROPERTY>position = (0, 256)</PROPERTY>
  </VARIABLE>

  <VARIABLE TYPE="nature">
    <NAME>Previous GDP per capita, PPP (constant 2011 international $) [NY.GDP.PCAP.PP.KD]</NAME>
    <OUTCOME>low</OUTCOME>
    <OUTCOME>med</OUTCOME>
    <OUTCOME>high</OUTCOME>
    <PROPERTY>position = (-544, 0)</PROPERTY>
  </VARIABLE>

  <VARIABLE TYPE="nature">
    <NAME>Agriculture, value added (% of GDP) [NV.AGR.TOTL.ZS]</NAME>
    <OUTCOME>low</OUTCOME>
    <OUTCOME>med</OUTCOME>
    <OUTCOME>high</OUTCOME>
    <PROPERTY>position = (0, 384)</PROPERTY>
  </VARIABLE>

  <VARIABLE TYPE="nature">
    <NAME>Unemployment, total (% of total labor force) [SL.UEM.TOTL.ZS]</NAME>
    <OUTCOME>low</OUTCOME>
    <OUTCOME>med</OUTCOME>
    <OUTCOME>high</OUTCOME>
    <PROPERTY>position = (-870, 384)</PROPERTY>
  </VARIABLE>

  <VARIABLE TYPE="nature">
    <NAME>GDP per capita, PPP (constant 2011 international $) [NY.GDP.PCAP.PP.KD]</NAME>
    <OUTCOME>low</OUTCOME>
    <OUTCOME>med</OUTCOME>
    <OUTCOME>high</OUTCOME>
    <PROPERTY>position = (-544, 512)</PROPERTY>
  </VARIABLE>

  <VARIABLE TYPE="nature">
    <NAME>GDP growth (annual %) [NY.GDP.MKTP.KD.ZG]</NAME>
    <OUTCOME>low</OUTCOME>
    <OUTCOME>med</OUTCOME>
    <OUTCOME>high</OUTCOME>
    <PROPERTY>position = (0, 512)</PROPERTY>
  </VARIABLE>

  <VARIABLE TYPE="nature">
    <NAME>Trademark applications, total [IP.TMK.TOTL]</NAME>
    <OUTCOME>low</OUTCOME>
    <OUTCOME>med</OUTCOME>
    <OUTCOME>high</OUTCOME>
    <PROPERTY>position = (-272, 256)</PROPERTY>
  </VARIABLE>

  <VARIABLE TYPE="nature">
    <NAME>Labor force with tertiary education (% of total) [SL.TLF.TERT.ZS]</NAME>
    <OUTCOME>low</OUTCOME>
    <OUTCOME>med</OUTCOME>
    <OUTCOME>high</OUTCOME>
    <PROPERTY>position = (-725, 128)</PROPERTY>
  </VARIABLE>

  <VARIABLE TYPE="nature">
    <NAME>General government final consumption expenditure (% of GDP) [NE.CON.GOVT.ZS]</NAME>
    <OUTCOME>low</OUTCOME>
    <OUTCOME>med</OUTCOME>
    <OUTCOME>high</OUTCOME>
    <PROPERTY>position = (-544, 256)</PROPERTY>
  </VARIABLE>

  <DEFINITION>
    <FOR>Labor force with primary education (% of total) [SL.TLF.PRIM.ZS]</FOR>
    <TABLE>0.3333333333333333 0.3333333333333333 0.3333333333333333 </TABLE>
  </DEFINITION>

  <DEFINITION>
    <FOR>Manufacturing, value added (% of GDP) [NV.IND.MANF.ZS]</FOR>
    <GIVEN>Previous GDP per capita, PPP (constant 2011 international $) [NY.GDP.PCAP.PP.KD]</GIVEN>
    <GIVEN>Previous GDP growth (annual %) [NY.GDP.MKTP.KD.ZG]</GIVEN>
    <TABLE>0.3333333333333333 0.3333333333333333 0.3333333333333333 0.3333333333333333 0.3333333333333333 0.3333333333333333 0.3333333333333333 0.3333333333333333 0.3333333333333333 0.3333333333333333 0.3333333333333333 0.3333333333333333 0.3333333333333333 0.3333333333333333 0.3333333333333333 0.3333333333333333 0.3333333333333333 0.3333333333333333 0.3333333333333333 0.3333333333333333 0.3333333333333333 0.3333333333333333 0.3333333333333333 0.3333333333333333 0.3333333333333333 0.3333333333333333 0.3333333333333333 </TABLE>
  </DEFINITION>

  <DEFINITION>
    <FOR>Services, etc., value added (% of GDP) [NV.SRV.TETC.ZS]</FOR>
    <TABLE>0.3333333333333333 0.3333333333333333 0.3333333333333333 </TABLE>
  </DEFINITION>

  <DEFINITION>
    <FOR>Labor force with secondary education (% of total) [SL.TLF.SECO.ZS]</FOR>
    <TABLE>0.3333333333333333 0.3333333333333333 0.3333333333333333 </TABLE>
  </DEFINITION>

  <DEFINITION>
    <FOR>Net official development assistance and official aid received (constant 2012 US$) [DT.ODA.ALLD.KD]</FOR>
    <TABLE>0.3333333333333333 0.3333333333333333 0.3333333333333333 </TABLE>
  </DEFINITION>

  <DEFINITION>
    <FOR>Industry, value added (% of GDP) [NV.IND.TOTL.ZS]</FOR>
    <GIVEN>Previous GDP growth (annual %) [NY.GDP.MKTP.KD.ZG]</GIVEN>
    <GIVEN>Previous GDP per capita, PPP (constant 2011 international $) [NY.GDP.PCAP.PP.KD]</GIVEN>
    <TABLE>0.3333333333333333 0.3333333333333333 0.3333333333333333 0.3333333333333333 0.3333333333333333 0.3333333333333333 0.3333333333333333 0.3333333333333333 0.3333333333333333 0.3333333333333333 0.3333333333333333 0.3333333333333333 0.3333333333333333 0.3333333333333333 0.3333333333333333 0.3333333333333333 0.3333333333333333 0.3333333333333333 0.3333333333333333 0.3333333333333333 0.3333333333333333 0.3333333333333333 0.3333333333333333 0.3333333333333333 0.3333333333333333 0.3333333333333333 0.3333333333333333 </TABLE>
  </DEFINITION>

  <DEFINITION>
    <FOR>Previous GDP growth (annual %) [NY.GDP.MKTP.KD.ZG]</FOR>
    <TABLE>0.3333333333333333 0.3333333333333333 0.3333333333333333 </TABLE>
  </DEFINITION>

  <DEFINITION>
    <FOR>Scientific and technical journal articles [IP.JRN.ARTC.SC]</FOR>
    <TABLE>0.3333333333333333 0.3333333333333333 0.3333333333333333 </TABLE>
  </DEFINITION>

  <DEFINITION>
    <FOR>Previous GDP per capita, PPP (constant 2011 international $) [NY.GDP.PCAP.PP.KD]</FOR>
    <TABLE>0.3333333333333333 0.3333333333333333 0.3333333333333333 </TABLE>
  </DEFINITION>

  <DEFINITION>
    <FOR>Agriculture, value added (% of GDP) [NV.AGR.TOTL.ZS]</FOR>
    <TABLE>0.3333333333333333 0.3333333333333333 0.3333333333333333 </TABLE>
  </DEFINITION>

  <DEFINITION>
    <FOR>Unemployment, total (% of total labor force) [SL.UEM.TOTL.ZS]</FOR>
    <GIVEN>Previous GDP growth (annual %) [NY.GDP.MKTP.KD.ZG]</GIVEN>
    <TABLE>0.3333333333333333 0.3333333333333333 0.3333333333333333 0.3333333333333333 0.3333333333333333 0.3333333333333333 0.3333333333333333 0.3333333333333333 0.3333333333333333 </TABLE>
  </DEFINITION>

  <DEFINITION>
    <FOR>GDP per capita, PPP (constant 2011 international $) [NY.GDP.PCAP.PP.KD]</FOR>
    <GIVEN>Unemployment, total (% of total labor force) [SL.UEM.TOTL.ZS]</GIVEN>
    <GIVEN>Services, etc., value added (% of GDP) [NV.SRV.TETC.ZS]</GIVEN>
    <GIVEN>Agriculture, value added (% of GDP) [NV.AGR.TOTL.ZS]</GIVEN>
    <TABLE>0.3333333333333333 0.3333333333333333 0.3333333333333333 0.3333333333333333 0.3333333333333333 0.3333333333333333 0.3333333333333333 0.3333333333333333 0.3333333333333333 0.3333333333333333 0.3333333333333333 0.3333333333333333 0.3333333333333333 0.3333333333333333 0.3333333333333333 0.3333333333333333 0.3333333333333333 0.3333333333333333 0.3333333333333333 0.3333333333333333 0.3333333333333333 0.3333333333333333 0.3333333333333333 0.3333333333333333 0.3333333333333333 0.3333333333333333 0.3333333333333333 0.3333333333333333 0.3333333333333333 0.3333333333333333 0.3333333333333333 0.3333333333333333 0.3333333333333333 0.3333333333333333 0.3333333333333333 0.3333333333333333 0.3333333333333333 0.3333333333333333 0.3333333333333333 0.3333333333333333 0.3333333333333333 0.3333333333333333 0.3333333333333333 0.3333333333333333 0.3333333333333333 0.3333333333333333 0.3333333333333333 0.3333333333333333 0.3333333333333333 0.3333333333333333 0.3333333333333333 0.3333333333333333 0.3333333333333333 0.3333333333333333 0.3333333333333333 0.3333333333333333 0.3333333333333333 0.3333333333333333 0.3333333333333333 0.3333333333333333 0.3333333333333333 0.3333333333333333 0.3333333333333333 0.3333333333333333 0.3333333333333333 0.3333333333333333 0.3333333333333333 0.3333333333333333 0.3333333333333333 0.3333333333333333 0.3333333333333333 0.3333333333333333 0.3333333333333333 0.3333333333333333 0.3333333333333333 0.3333333333333333 0.3333333333333333 0.3333333333333333 0.3333333333333333 0.3333333333333333 0.3333333333333333 </TABLE>
  </DEFINITION>

  <DEFINITION>
    <FOR>GDP growth (annual %) [NY.GDP.MKTP.KD.ZG]</FOR>
    <TABLE>0.3333333333333333 0.3333333333333333 0.3333333333333333 </TABLE>
  </DEFINITION>

  <DEFINITION>
    <FOR>Trademark applications, total [IP.TMK.TOTL]</FOR>
    <TABLE>0.3333333333333333 0.3333333333333333 0.3333333333333333 </TABLE>
  </DEFINITION>

  <DEFINITION>
    <FOR>Labor force with tertiary education (% of total) [SL.TLF.TERT.ZS]</FOR>
    <TABLE>0.3333333333333333 0.3333333333333333 0.3333333333333333 </TABLE>
  </DEFINITION>

  <DEFINITION>
    <FOR>General government final consumption expenditure (% of GDP) [NE.CON.GOVT.ZS]</FOR>
    <TABLE>0.3333333333333333 0.3333333333333333 0.3333333333333333 </TABLE>
  </DEFINITION>

</NETWORK>
</BIF>
