"Country","Final consumption expenditure (constant LCU) [NE.CON.TOTL.KN]","Wage and salaried workers, total (% of total employed) [SL.EMP.WORK.ZS]","Lending interest rate (%) [FR.INR.LEND]","Portfolio Investment, net (BoP, current US$) [BN.KLT.PTXL.CD]","Net capital account (BoP, current US$) [BN.TRF.KOGT.CD]","Gross capital formation (current LCU) [NE.GDI.TOTL.CN]","GDP (constant LCU) [NY.GDP.MKTP.KN]","Exogenous spending","Compensation of employees (current LCU) [GC.XPN.COMP.CN]","Inflation, consumer prices (annual %) [FP.CPI.TOTL.ZG]","Capital-labour ratio","Previous Final consumption expenditure (constant LCU) [NE.CON.TOTL.KN]","Previous Portfolio Investment, net (BoP, current US$) [BN.KLT.PTXL.CD]","Previous Net capital account (BoP, current US$) [BN.TRF.KOGT.CD]","Previous Compensation of employees (current LCU) [GC.XPN.COMP.CN]","Previous Gross capital formation (current LCU) [NE.GDI.TOTL.CN]","__ProcessingTime__","__Arcs__","__ConstructionTime__","__TrainingTime__"
NZL,0.8055357142857142,0.541547619047619,0.21929824561403505,0.8736842105263158,0.9473684210526315,0.6745238095238095,0.6766666666666666,0.4479166666666667,0.6096491228070176,0.7875,0.13596491228070173,0.6047023809523809,0.39210526315789473,0.9736842105263158,0.631578947368421,0.5045238095238095,0.96700625595,9.7,0.0750695632,0.03547117105
FJI,,0.8571428571428571,0.3075,0.7745098039215685,0.6383333333333334,0.7462500000000001,0.41875,,0.671875,0.48851190476190476,0.5,,0.872549019607843,0.6658333333333333,0.6333333333333333,0.7300595238095238,0.46940106755000005,5.55,0.0259011286,0.013682216550000001
PNG,0.6316666666666666,,0.5788095238095238,0.8058333333333334,0.4215686274509804,0.8613095238095237,0.6696428571428571,0.6105952380952381,0.5833333333333333,0.4413095238095238,0.17647058823529413,0.5603571428571429,0.7391666666666666,0.5392156862745098,0.6029411764705882,0.7246428571428571,0.62847824075,12.65,0.053195685150000005,0.01524968055
ZAR,0.9125,,0.07142857142857142,0.047619047619047616,0.9404761904761905,0.9116071428571428,0.27053571428571427,0.8375,0.9416666666666667,0.6511904761904762,0.9791666666666666,0.6575,0.0625,0.9375,0.9025000000000001,0.9053571428571429,0.55499284135,8.8,0.03647628805,0.01175878655
STP,,,0.5733333333333334,0.75,0.8875,,0.2708333333333333,,0.5526315789473685,0.6525000000000001,,,0.7692307692307693,0.9833333333333334,0.5833333333333334,,0.33064880355000004,0.2,0.023958035250000002,0.01211053475
WLD,,,,,,,,,,0.39851190476190473,,,,,,,0.13014271115,0.0,0.0236990757,0.0137292951
MHL,,,,0.11805555555555554,0.47222222222222215,,0.4625,,,,,,0.0606060606060606,0.5606060606060607,,,0.19221257985,2.05,0.02299865725,0.0125387429
CUB,0.520952380952381,0.425,,,,0.38619047619047614,0.38190476190476186,0.17595238095238094,,,,0.4530952380952381,,,,0.34178571428571425,0.30710341625000004,2.15,0.021915940749999998,0.014235415800000002
SDN,0.7651785714285715,,,0.4254385964912281,0.5166666666666667,0.7756547619047619,0.7830357142857143,0.9366071428571429,,0.5571428571428572,,0.5892857142857143,0.2824561403508772,0.8324561403508772,,0.7791071428571429,0.4165314257,7.1,0.0241897509,0.0105426719
GMB,0.5392857142857143,,0.6158333333333333,,0.7807017543859649,0.7604166666666667,0.6625,0.0196078431372549,,0.5610119047619048,,0.5348214285714286,,0.6192982456140351,,0.7586309523809524,0.3781856824,1.1,0.02169402825,0.00920977325
CEB,,0.21140350877192982,,,,,,,,0.47631578947368425,,,,,,,0.13460606355,0.0,0.0207774825,0.009037105200000001
CUW,,,,,,,,,,,,,,,,,0.09964226735000001,0.0,0.0260379753,0.015440159650000002
MYS,0.80625,0.8315789473684211,0.45583333333333337,0.8054761904761906,0.6777777777777777,0.76875,0.64375,0.8223214285714286,0.7043859649122807,0.5625,0.22543859649122808,0.8276785714285714,0.8121428571428572,0.6979166666666666,0.5903508771929825,0.7848214285714286,0.9093664828,14.05,0.1769007741,0.020490595150000002
MIC,,,,,,,,,,0.47541666666666665,,,,,,,0.11195963904999999,0.0,0.02252223115,0.01006541955
POL,0.7025,0.6320238095238095,0.99,0.5925,0.6333333333333333,0.53,0.355,0.2308333333333333,0.8991666666666667,0.46922619047619046,0.5891666666666666,0.18,0.7558333333333334,0.6683333333333333,0.8433333333333334,0.37666666666666665,10.578279639849999,8.35,0.044694822950000004,0.0111177575
ARB,,,,,,,,,,0.54875,,,,,,,0.10576855119999999,0.0,0.02226897125,0.00942974785
OMN,0.6491228070175439,0.5833333333333334,0.6933333333333334,0.8333333333333334,0.8611111111111112,0.7848809523809523,0.575,0.5,0.5807017543859649,0.4666666666666667,0.5807017543859649,0.38333333333333336,0.8859649122807017,0.9736842105263158,0.6035087719298246,0.7797023809523809,0.60912841215,8.8,0.03545310345,0.0123286855
SUR,,0.9166666666666666,0.5616666666666666,0.6578947368421053,0.4912280701754386,0.8428571428571429,0.7351190476190477,,0.5175438596491229,0.5875,0.06666666666666667,,0.39814814814814814,0.6666666666666666,0.5092592592592592,0.8602380952380952,0.44307081925,5.65,0.0243650692,0.009948407599999999
ARE,0.412037037037037,0.6666666666666666,,,,0.15740740740740738,0.8760714285714286,,0.14102564102564102,0.782051282051282,0.03333333333333333,0.17647058823529413,,,0.125,0.20588235294117646,0.3245625875,2.8,0.02288395365,0.009452517550000001
KEN,0.8508928571428571,,0.6145238095238095,0.9875,0.18,0.8578571428571429,0.8116071428571429,0.8436904761904762,0.8466666666666667,0.6875,0.7941666666666667,0.6375,0.9441666666666666,0.18083333333333335,0.8633333333333333,0.862202380952381,0.69154365115,10.7,0.0765163104,0.0139520907
ARG,0.6669642857142857,0.34259259259259256,0.7962962962962963,0.725,0.8196078431372549,0.9401785714285715,0.8830357142857143,0.47000000000000003,,0.6125,,0.7705357142857143,0.766904761904762,0.875,,0.9428571428571428,0.50191174575,8.55,0.034040981,0.02076705215
GNB,0.5,,0.10555555555555556,0.5729166666666666,0.8854166666666666,0.6554761904761904,0.41208333333333336,,,0.43916666666666665,,0.75,0.5104166666666666,0.8125,,0.6507738095238096,0.3911166687,2.95,0.0242789489,0.01840153605
HPC,,,,,,,,,,0.5303571428571429,,,,,,,0.12978771435,0.0,0.0226042193,0.0096863134
ARM,0.6666666666666666,0.47105263157894733,0.9368421052631579,0.9254385964912281,0.42105263157894735,0.6736842105263158,0.2964912280701754,0.6649122807017543,0.7254901960784315,0.23684210526315788,0.5882352941176471,0.5925925925925926,0.9210526315789473,0.34210526315789475,0.21794871794871792,0.606140350877193,0.6941003020000001,13.75,0.0863117134,0.017145382100000002
UZB,,,,,,0.8425,0.7333333333333333,,,,,,,,,0.8732142857142857,0.16737342125,0.0,0.0205563395,0.01036966215
BTN,0.2962962962962963,0.0,0.5158333333333334,,0.53125,0.8386904761904763,0.8145238095238095,0.3703703703703704,0.7280701754385965,0.3572619047619048,0.5745614035087719,0.3888888888888889,,0.7401960784313726,0.7368421052631579,0.8665476190476191,0.4757628573,7.5,0.02814393315,0.00927765505
SEN,0.6160714285714286,0.0,0.14912280701754385,1.0,0.7692307692307693,0.7910714285714285,0.6098214285714285,0.7410714285714286,0.8480392156862745,0.669702380952381,1.0,0.6035714285714285,0.4861111111111111,0.4861111111111111,1.0,0.7982142857142857,0.5130225783,7.35,0.027375347900000003,0.009738720900000001
TGO,0.6714285714285715,,0.2125,0.37254901960784315,0.7450980392156863,0.8044642857142857,0.49375,0.95,0.8157894736842105,0.5417261904761904,0.8157894736842105,0.6241071428571429,0.34259259259259256,0.8981481481481483,0.8333333333333334,0.8160714285714287,0.5169433896,6.35,0.02518811385,0.01019092375
IRL,0.7001190476190476,0.5788095238095238,0.21958333333333332,0.4305555555555556,0.8009259259259259,0.6413095238095238,0.6892261904761905,0.8063690476190477,0.6479949874686717,0.3625,0.09837092731829573,0.5898214285714285,0.5208333333333333,0.7239583333333334,0.6804511278195489,0.6715476190476191,0.60326730025,14.65,0.044317056300000005,0.01231024745
IRN,0.5,0.0,0.6481481481481481,,,0.90625,0.46875,0.5669642857142857,0.681077694235589,0.8,0.9649122807017543,0.5428571428571429,,,0.6342105263157896,0.9089285714285713,0.45659059849999994,8.25,0.02966312205,0.013004681600000002
QAT,0.5625,0.775,0.48809523809523814,0.6060606060606061,0.2727272727272727,0.6033333333333333,0.5208333333333333,,0.10526315789473684,0.7860714285714285,0.21929824561403505,0.5583333333333333,0.5208333333333334,0.5,0.08333333333333333,0.6483333333333333,0.49557132945,10.15,0.0351540475,0.01069898235
BDI,0.6658333333333333,0.5641025641025641,0.6311309523809523,,0.953125,0.9125,0.4767857142857143,0.51,0.05555555555555555,0.45827380952380947,0.19444444444444442,0.72,,0.90625,0.027777777777777776,0.9491071428571429,0.453992455,5.4,0.0253011362,0.00912191455
NLD,0.6464880952380953,0.8765476190476191,0.4536904761904762,0.8667857142857143,0.9431547619047619,0.840297619047619,0.6366071428571429,0.7121428571428571,0.8058333333333334,0.575,0.475,0.6304166666666666,0.8589285714285714,0.9660714285714287,0.8300000000000001,0.6846428571428571,0.8066548895000001,23.0,0.1118924129,0.015609693050000002
IRQ,,,0.7453703703703703,0.017857142857142856,0.6488095238095237,0.7245614035087719,0.6438690476190476,,,0.3980952380952381,,,0.0,0.5705128205128205,,0.6543859649122807,0.31012862750000003,1.9,0.0214295689,0.0103566668
SVK,0.5491666666666666,0.6508333333333333,0.4833333333333333,0.4658333333333333,0.6625,0.5383333333333333,0.5658333333333333,0.7608333333333334,0.7083333333333333,0.47000000000000003,0.7041666666666667,0.45999999999999996,0.7108333333333333,0.6941666666666666,0.7208333333333333,0.37333333333333335,0.7951875497,19.2,0.1226993449,0.0164999071
SVN,0.8808333333333334,0.6308333333333334,0.9298245614035089,0.3675,0.6058333333333333,0.7641666666666667,0.4208333333333333,0.7716666666666667,0.6745614035087719,0.6791666666666666,0.6456140350877192,0.5383333333333333,0.4083333333333333,0.605,0.3383333333333333,0.7108333333333333,0.63769163345,13.45,0.05218153425000001,0.0136520659
GNQ,0.7120238095238095,,0.20614035087719298,,0.35,0.7910714285714285,0.6545238095238095,0.7383333333333334,0.5833333333333334,0.58,0.16666666666666666,0.7004761904761905,,0.4090909090909091,0.6666666666666666,0.8363095238095237,0.38000663445,1.85,0.020775972,0.010595336
THA,0.7571428571428571,0.5533333333333333,0.41690476190476194,0.5058333333333334,0.041666666666666664,0.8776785714285713,0.70625,0.69375,0.6841666666666667,0.5,0.9625,0.5544642857142856,0.5636904761904762,0.05555555555555555,0.47105263157894733,0.7241071428571428,0.58924031735,11.15,0.0392914994,0.013180684000000002
ABW,,0.7727272727272727,0.8333333333333334,0.5325,0.8529411764705882,0.6140350877192983,0.49074074074074076,,,0.6583333333333333,,,0.6583333333333333,0.872549019607843,,0.6578947368421053,0.35936072615,4.05,0.02336160505,0.01092913035
ASM,,0.0,,,,,,,,,,,,,,,0.08818926185,0.0,0.022851580099999998,0.01107181895
SWE,0.8292857142857143,0.5796428571428571,0.6105952380952381,0.7936904761904762,0.45614035087719296,0.7669642857142857,0.8169642857142858,0.9005952380952381,0.8483333333333333,0.51875,0.6008333333333333,0.6374404761904762,0.70875,0.2894736842105263,0.8108333333333333,0.5631547619047619,0.6731455630500001,16.3,0.05928996599999999,0.0127684351
ISL,0.7341071428571428,0.46505952380952376,0.7298809523809524,0.705,0.7849999999999999,0.66625,0.8428571428571429,0.5997023809523809,0.8583333333333334,0.56875,0.8566666666666667,0.2577380952380952,0.8058333333333334,0.575,0.6183333333333334,0.6472619047619047,0.7693615128,14.25,0.10756815835,0.01514993825
LIC,,,,,,,,,,0.3267857142857143,,,,,,,0.10887102019999999,0.0,0.02081735085,0.0151993249
MKD,0.6425,0.6114035087719297,0.9208333333333334,0.7245614035087719,0.6027777777777777,0.765,0.5008333333333332,0.6516666666666666,0.26041666666666663,0.16583333333333333,0.32291666666666663,0.4666666666666667,0.5973684210526315,0.6574074074074074,0.23333333333333334,0.7716666666666667,0.58601969655,12.5,0.0426456038,0.012200645
BEL,0.7164285714285714,0.5944047619047619,0.6428571428571429,0.3245614035087719,0.32894736842105265,0.8741666666666668,0.7026785714285715,0.6107142857142857,0.8258333333333333,0.6258928571428571,0.4416666666666667,0.4609523809523809,0.2777777777777778,0.5092592592592592,0.9291666666666666,0.4274404761904762,0.7767426397499999,18.8,0.0935768261,0.01775492145
ISR,0.8458333333333334,0.7398148148148148,0.9508333333333333,0.856547619047619,0.8051190476190475,0.8125,0.825,,0.8241666666666667,0.58125,0.6341666666666667,0.8,0.8166666666666667,0.8182142857142857,0.7125,0.8116071428571429,0.7497476806,11.8,0.10557260040000001,0.01454778
KWT,0.05,,0.6869047619047619,0.8064880952380953,0.6675,0.8086309523809524,0.7220238095238095,0.05,0.6224999999999999,0.5424404761904762,0.8275,0.05555555555555555,0.8470833333333333,0.5349999999999999,0.5841666666666667,0.8400000000000001,0.48297827,5.15,0.0213392024,0.0100295979
LIE,,,,,,,0.43720238095238095,,,,,,,,,,0.1072223659,0.0,0.0215191944,0.00909888835
DZA,0.3455357142857143,0.5648148148148148,0.7775000000000001,0.90625,0.4222222222222222,0.8991071428571429,0.45446428571428565,0.75625,0.9291666666666666,0.5719047619047619,0.8958333333333334,0.7991071428571429,0.8787878787878788,0.4427083333333333,0.9583333333333334,0.8991071428571429,0.5582548124,9.95,0.030343905450000003,0.0101721723
BEN,0.7053571428571429,,0.1456140350877193,0.7328571428571429,0.9178571428571429,0.88125,0.7116071428571429,0.9550000000000001,0.4216666666666667,0.13428571428571429,0.8875,0.6053571428571429,0.6433333333333333,0.9441666666666666,0.5535087719298245,0.8598214285714286,0.5531781020500001,2.85,0.021290812949999998,0.012805510649999999
RUS,0.7041666666666667,0.6483333333333333,0.8775000000000001,0.5525,0.5349999999999999,0.7408333333333333,0.2558333333333333,0.65,0.5966666666666667,0.615,0.6366666666666667,0.7183333333333334,0.7975,0.6425,0.6816666666666666,0.8433333333333334,0.74324724915,15.4,0.09639360459999999,0.01541610765
ATG,,,0.27,0.6763157894736842,0.9675,0.6914880952380952,0.2972619047619048,,0.6140350877192983,0.2807017543859649,0.5482456140350876,,0.6447368421052632,0.9108333333333333,0.6754385964912281,0.4496428571428571,0.47331902929999997,7.75,0.0380686877,0.01188679885
ITA,0.7558928571428571,0.4542857142857143,0.5442857142857143,0.6417261904761904,0.694047619047619,0.7288690476190476,0.7339285714285715,0.5651190476190476,0.7325,0.6,0.9066666666666666,0.5324404761904762,0.7301190476190477,0.7265476190476191,0.6933333333333334,0.5294642857142857,0.6646311928,15.7,0.04948598515,0.016807255700000003
SWZ,0.8477380952380953,,0.4652380952380952,0.5954761904761905,0.5625,0.749702380952381,0.7675595238095239,0.4313725490196078,,0.48863095238095233,,0.8252380952380951,0.68875,0.6416666666666667,,0.749702380952381,0.43955436299999995,3.55,0.0229885691,0.01206029325
TZA,0.9175000000000001,0.5111111111111112,0.6425,0.5921052631578947,0.9716666666666667,0.6883333333333334,0.7683333333333333,0.5658333333333333,0.1,0.6661904761904762,0.7,0.585,0.5375,0.9733333333333334,0.0,0.6091666666666666,0.52332700875,6.3,0.024537423750000002,0.0147628244
PAK,0.7208333333333333,0.4351851851851852,,0.9183333333333333,0.9358333333333334,0.8116071428571429,0.8544642857142858,0.5307017543859649,0.7412280701754387,0.44375,0.6973684210526315,0.52,0.7625,0.9291666666666666,0.7807017543859649,0.8339285714285714,0.56867936115,12.05,0.0379632743,0.01009123845
BFA,0.8584523809523809,0.7083333333333334,0.16583333333333333,0.8333333333333334,0.8333333333333334,0.8875,0.76875,0.6889880952380952,0.43333333333333335,0.6125,0.8111111111111111,0.7331547619047619,0.7272727272727273,0.7727272727272727,0.10714285714285714,0.9053571428571429,0.49280835465,8.8,0.028585819899999997,0.01781288575
PAN,0.6485714285714286,0.6425,0.30833333333333335,0.7694047619047619,0.7616666666666666,0.8420238095238096,0.7946428571428571,0.2833333333333333,0.4166666666666667,0.74375,0.7685185185185186,0.6708333333333333,0.8810714285714285,0.7541666666666667,0.4351851851851852,0.8558333333333333,0.7959921563,14.8,0.12706170114999998,0.01830341825
SGP,0.689702380952381,0.28500000000000003,0.8382142857142858,0.7453571428571428,0.40625,0.94375,0.6535714285714286,0.7264880952380952,0.8875,0.32053571428571426,0.9,0.5635119047619048,0.8395833333333333,0.3382352941176471,0.8300000000000001,0.98125,0.64639522905,8.0,0.05333367155,0.012379240750000001
UKR,0.44912280701754387,0.526470588235294,0.8980392156862745,0.5803921568627451,0.8382352941176471,0.6877192982456141,0.23833333333333334,0.32051282051282054,0.6302083333333333,0.6231481481481481,0.5208333333333334,0.4703703703703704,0.5990740740740741,0.8287037037037037,0.5297619047619048,0.6868421052631579,0.58273772,5.75,0.05700330345,0.010904537
KGZ,0.29500000000000004,0.5833333333333334,0.7041666666666667,0.30416666666666664,0.7825,0.8941666666666667,0.3998809523809524,0.5191666666666667,0.6715686274509803,0.305,0.9313725490196079,0.30083333333333334,0.2758333333333333,0.79,0.6127450980392156,0.8845238095238095,0.66163094565,9.7,0.06956723835,0.013252641
CHE,0.6126785714285714,0.6973684210526315,0.6113095238095239,0.6117857142857143,0.7087719298245614,0.6803571428571429,0.5469047619047619,0.7246428571428571,0.47631578947368425,0.625,0.8710526315789474,0.4933928571428572,0.7970238095238095,0.5116666666666666,0.5087719298245613,0.6221428571428571,0.6183734657500001,18.45,0.04338674565,0.01246117185
DJI,,,0.4491666666666666,,0.365,0.8099999999999999,0.6866666666666668,0.06944444444444443,,0.3929824561403509,,,,0.37,,0.8324561403508772,0.2989260324,1.0,0.019570316100000002,0.0089609592
CHI,,,,,,,0.5059523809523809,,,,,,,,,,0.0911974599,0.0,0.01985475225,0.00978126795
CHL,0.7991071428571429,0.6052631578947368,0.8763095238095238,0.7904761904761906,1.0,0.8241071428571429,0.7482142857142857,0.8375,0.7026315789473684,0.56875,0.9894736842105264,0.73125,0.8599404761904761,0.9444444444444444,0.7245614035087719,0.8125,0.57641052645,7.9,0.03888329685,0.009752029249999999
PRI,0.5286904761904763,0.6283333333333333,,,,0.5080357142857143,0.7419642857142856,0.6692857142857143,,,,0.2533333333333333,,,,0.5098214285714285,0.2901623634,3.0,0.0222893757,0.00902259985
CHN,0.8020238095238096,0.0303030303030303,0.5387500000000001,0.89625,0.5416666666666666,0.8482142857142858,0.8741071428571429,0.9075,,0.46333333333333326,,0.7541071428571429,0.8441666666666666,0.49583333333333335,,0.8589285714285714,0.44539507060000005,8.35,0.0229082053,0.008865463
PRK,,,,,,,,,,,,,,,,,0.0718271416,0.0,0.0199064475,0.00909113705
SXM,,,,,,,,,,,,,,,,,0.08658854099999999,0.0,0.0268193559,0.0100815778
MLI,0.800297619047619,0.0,0.13333333333333333,0.7777777777777778,0.8666666666666667,0.9144047619047619,0.6645833333333333,0.639345238095238,0.5277777777777778,0.6270833333333333,0.7453703703703703,0.613095238095238,1.0,0.9375,0.5745614035087719,0.7851785714285715,0.53841379585,9.8,0.03179532665,0.01061357445
ADO,,,,,,,0.5220238095238094,,,,,,,,,,0.1029494074,0.0,0.01956188065,0.0102663289
BWA,0.6445238095238095,0.0,0.5178571428571429,0.36476190476190473,0.32456140350877194,0.7946428571428571,0.8455357142857143,0.6109523809523809,0.7192982456140351,0.5319047619047619,0.8464912280701754,0.4911309523809524,0.3985714285714286,0.3333333333333333,0.39473684210526316,0.7982142857142857,0.56929648065,4.75,0.02315636395,0.00934813005
HRV,0.7833333333333333,0.29333333333333333,0.8391666666666666,0.7008333333333334,0.5508333333333333,0.9316666666666666,0.40499999999999997,0.5774999999999999,0.7125,0.465,0.9316666666666666,0.7958333333333333,0.7541666666666667,0.4666666666666667,0.445,0.9666666666666666,0.60881373975,5.8,0.034986765749999996,0.009998164700000001
KHM,0.8683333333333334,0.5,,0.7587719298245613,0.6174999999999999,0.8357142857142857,0.5966666666666667,0.7433333333333334,0.5453703703703704,0.35666666666666663,0.8194444444444444,0.675,0.8140350877192982,0.6775,0.5343137254901961,0.7705952380952381,0.5247467969499999,4.15,0.02260701185,0.01226804205
IDN,0.69375,0.8194444444444444,0.4408333333333333,0.8970238095238094,0.619047619047619,0.8919642857142858,0.7133928571428572,0.6821428571428572,0.9041666666666666,0.55,0.8791666666666667,0.6651785714285714,0.8532142857142857,0.6333333333333333,0.8,0.8866071428571429,0.666353343,9.35,0.0653700552,0.012046072750000001
PRT,0.7379761904761905,0.5304761904761904,0.4947368421052632,0.704047619047619,0.5640350877192982,0.7538095238095238,0.6946428571428571,0.5120833333333333,0.5991666666666666,0.4875,0.3258333333333333,0.25892857142857145,0.7569047619047619,0.5578947368421052,0.6641666666666667,0.37857142857142856,0.6282258929,15.6,0.0423111823,0.01096831515
MLT,0.8595238095238095,0.8083333333333333,0.6753571428571428,0.8107738095238096,0.3368421052631579,0.6344642857142857,0.6035119047619047,0.5335119047619048,0.5316666666666666,0.65,0.23249999999999998,0.45232142857142854,0.8148214285714286,0.3614035087719298,0.5225,0.5905357142857143,0.55214055445,7.9,0.0227506979,0.0097431096
TJK,0.4208333333333333,,0.8791666666666667,0.7333333333333333,0.7708333333333334,0.7411904761904762,0.3046428571428571,0.40350877192982454,0.0,0.3235294117647059,0.4642857142857143,0.20416666666666666,0.6568627450980392,0.5196078431372549,0.0,0.8053571428571429,0.49208362725,5.05,0.02301712375,0.010803654749999999
VNM,0.7316666666666667,0.6354166666666666,0.8291666666666666,0.8611111111111112,,0.6957142857142857,0.8486904761904762,0.48666666666666664,,0.21833333333333332,,0.7966666666666666,0.7450980392156863,,,0.7566666666666666,0.3985002184,6.9,0.02320201745,0.008511577400000001
CYM,,0.02222222222222222,,,,,0.6666666666666666,,,,,,,,,,0.101354215,0.0,0.0191635386,0.0118036707
PRY,0.6368421052631579,0.44223057644110275,0.3793233082706767,0.8308333333333333,0.8976190476190475,0.675062656641604,0.76875,0.3081453634085213,0.4166666666666667,0.56875,0.8333333333333334,0.6528822055137845,0.8574999999999999,0.91265664160401,0.32407407407407407,0.6423558897243108,0.54275446525,9.7,0.0301433097,0.0102333569
CYP,0.9166071428571427,0.4114035087719298,0.6505952380952381,0.845,0.8055555555555556,0.6476785714285714,0.567202380952381,0.4567857142857143,0.7575000000000001,0.5178571428571429,0.7075,0.4057142857142857,0.7775000000000001,0.7296296296296296,0.6216666666666667,0.5211904761904762,0.6116168962499999,14.55,0.0416575854,0.009650919300000001
SYC,0.5391666666666667,,0.2891666666666667,0.9458333333333334,0.9625,0.8020238095238096,0.5107142857142857,0.6741666666666666,0.6625,0.4898214285714285,0.1625,0.6458333333333333,0.975,0.9833333333333334,0.6208333333333333,0.7789285714285714,0.67498919925,10.75,0.0778545951,0.01672161985
RWA,0.7857142857142857,0.8333333333333334,0.4425,0.8875,0.9368421052631579,0.98125,0.7982142857142858,0.9026785714285713,0.9111111111111111,0.29375,0.02222222222222222,0.775,0.8903508771929826,0.8935185185185185,0.9666666666666667,0.95625,0.52886518375,3.8,0.027154746299999998,0.009358360999999999
BGD,0.8651785714285714,0.9705882352941176,0.2982738095238095,0.5858333333333333,0.6116666666666666,0.8776785714285713,0.6857142857142857,0.5859523809523809,0.6140350877192983,0.21791666666666668,0.5350877192982456,0.7205357142857143,0.91875,0.6236842105263157,0.6759259259259259,0.8839285714285714,0.67054223315,13.25,0.0719330678,0.01197306165
AUS,0.8071428571428572,0.7727380952380953,0.524702380952381,0.4205952380952381,0.3610714285714286,0.7294642857142857,0.8776785714285713,0.6035714285714285,0.6712962962962963,0.6375,0.7546296296296297,0.5526785714285715,0.29214285714285715,0.34309523809523806,0.44333333333333336,0.8116071428571429,0.5760713457,8.9,0.028177389400000002,0.0093424591
AUT,0.8339285714285714,0.7336309523809523,,0.0,0.6145833333333334,0.7439880952380953,0.68125,0.9294642857142857,0.5546296296296297,0.625,0.8763227513227513,0.5372619047619047,0.04444444444444444,0.3333333333333333,0.7245614035087719,0.4169642857142857,0.62312267945,17.7,0.06465467515,0.0184453374
NOC,,0.7008333333333334,,,,,,,,0.58,,,,,,,0.129083477,0.0,0.0192434464,0.010711037000000001
LKA,,0.32916666666666666,0.17809523809523808,0.7875,0.4125,0.8620238095238095,0.6991071428571429,,0.5875,0.61875,0.2583333333333333,,0.7275,0.5,0.6625,0.8759523809523809,0.47564211235,4.35,0.0257724897,0.01036912055
GAB,0.7517857142857143,0.5,0.2872619047619048,0.921875,1.0,0.7972619047619047,0.7410714285714286,0.4793452380952381,,0.5542261904761905,,0.5410714285714285,0.9,0.8666666666666667,,0.7752380952380953,0.43049691015,7.65,0.0251758026,0.0089335443
ZWE,0.5,0.7916666666666666,0.9158333333333333,0.5101851851851852,,0.5839285714285715,0.28125,0.75,0.020833333333333332,0.6440476190476191,0.7083333333333334,0.30357142857142855,0.537962962962963,,0.027777777777777776,0.3883928571428571,0.42361529244999996,6.5,0.0228724689,0.0098269499
UMC,,0.0,,,,,,,,0.4975595238095238,,,,,,,0.11866454230000001,0.0,0.0194133788,0.0098383207
BGR,0.38726190476190475,0.4868421052631579,0.9733333333333333,0.6958333333333333,0.7216666666666667,0.6983333333333334,0.41154761904761905,0.6292857142857142,0.8416666666666666,0.22416666666666668,0.7483333333333333,0.47833333333333333,0.5591666666666667,0.718421052631579,0.7483333333333333,0.6997619047619048,0.650251949,14.75,0.05914482685,0.011162898000000001
EMU,,0.39916666666666667,0.05555555555555555,0.4868421052631579,0.5350877192982456,,,,,0.60625,,,0.47807017543859653,0.5131578947368421,,,0.2638475037,2.7,0.020277488599999997,0.010201724550000001
SYR,0.605,0.4583333333333333,0.8258333333333333,0.05555555555555555,0.75,0.8446428571428571,0.48255952380952377,0.36083333333333334,0.5789473684210527,0.6030952380952381,0.7647058823529411,0.44833333333333336,0.05555555555555555,0.6818181818181818,0.5982456140350877,0.8916071428571428,0.4887757177,5.85,0.0218607688,0.0120239873
CZE,0.5555952380952381,0.2532581453634085,0.8219298245614035,0.4169172932330827,0.542989417989418,0.21999999999999997,0.40595238095238095,0.7148809523809524,0.8578947368421053,0.7627380952380952,0.6214285714285714,0.4901190476190476,0.3992857142857143,0.5816666666666667,0.8340852130325814,0.1838095238095238,0.7161064667,10.0,0.0895818062,0.0132353426
NOR,0.7748214285714285,0.8197619047619048,0.36428571428571427,0.854642857142857,0.9708333333333334,0.6781547619047619,0.9303571428571429,0.409702380952381,0.9566666666666667,0.61875,0.7033333333333334,0.43232142857142863,0.8704761904761906,0.99,0.9733333333333334,0.7126190476190477,0.66311647835,11.3,0.058561391549999994,0.0112106888
CIV,0.4444444444444444,,0.21916666666666665,0.6568627450980392,0.8627450980392156,0.8678571428571429,0.6946428571428571,0.05952380952380952,0.6228070175438597,0.5098214285714285,0.8464912280701754,0.53125,0.5416666666666666,0.8611111111111112,0.6359649122807017,0.8428571428571429,0.5099758226,6.9,0.03137652305,0.01204726975
PSS,,,,,,,,,,0.5101190476190476,,,,,,,0.10203232,0.0,0.019065819850000002,0.00908358525
MMR,0.6329166666666667,,0.35404761904761906,,0.85,0.9298809523809524,0.9416666666666667,0.5314285714285714,,0.6044642857142857,,0.670595238095238,,0.75,,0.9361309523809525,0.33875445845,0.0,0.0194901518,0.008552129799999999
KIR,,0.0,,0.44791666666666663,0.6354166666666666,0.4616666666666666,0.48529761904761903,,,,,,0.3974358974358974,0.59375,,0.4458333333333333,0.2706573643,3.85,0.02168043495,0.010372340800000001
TKM,,,,,,0.7658333333333334,0.7157142857142857,,,,,,,,,0.7973684210526316,0.1610687411,0.0,0.01956746615,0.010964069
GRD,,0.8333333333333334,0.24369047619047618,0.95,0.4692857142857143,0.5345238095238095,0.3780357142857143,,0.8458333333333334,0.2691071428571429,0.4166666666666667,,0.9441666666666666,0.4125,0.7833333333333333,0.5227380952380952,0.49020622129999997,8.0,0.0400975593,0.014110680950000001
GRC,0.8420833333333333,0.8102380952380953,0.5542857142857143,0.9035087719298246,0.4342105263157895,0.6529761904761905,0.6785714285714286,0.704404761904762,0.6566666666666666,0.5125,0.77,0.4063690476190476,0.9388888888888888,0.5231481481481481,0.5566666666666666,0.6589285714285714,0.6466304496,15.2,0.04973790585,0.0107785199
HTI,0.3888888888888889,,0.41833333333333333,,0.6333333333333333,0.9161904761904761,0.6078947368421053,,,0.65625,,0.3333333333333333,,0.6666666666666666,,0.8928571428571429,0.3120160078,0.2,0.02011533645,0.01042292415
GRL,,,,,,,0.5289285714285714,,,,,,,,,,0.0990299638,0.0,0.01916037535,0.0099194823
YEM,,0.0,0.6541666666666666,0.6078431372549019,0.07692307692307693,0.3675,0.36678571428571427,,,0.7083333333333334,,,0.607843137254902,0.09523809523809523,,0.32166666666666666,0.36459559905,3.2,0.02234169755,0.013962862749999999
MNA,,0.0,,,,,,,,0.585,,,,,,,0.11756213374999999,0.0,0.0201585105,0.010176275949999999
AFG,,,0.787037037037037,0.625,0.03125,0.8008333333333333,0.5175438596491229,,0.84375,0.3684210526315789,0.78125,,0.4411764705882353,0.0,0.5,0.7757142857142857,0.4133074423,3.0,0.02224927935,0.00920586925
MNE,0.925925925925926,0.39743589743589747,0.9479166666666666,0.25,0.4777777777777778,0.2962962962962963,0.7982456140350876,0.45588235294117646,,0.46875,,0.6481481481481481,0.3125,0.2604166666666667,,0.19907407407407407,0.43135540624999996,10.85,0.03117056965,0.01165445615
MNG,0.6270833333333333,0.75,0.880701754385965,0.9098039215686274,0.11538461538461539,0.8847619047619049,0.7772619047619048,0.7645833333333333,0.7771929824561403,0.35964912280701755,0.7070175438596491,0.5577777777777778,0.7511111111111112,0.0,0.7973684210526316,0.8894047619047619,0.6553201953000001,8.6,0.0455572231,0.0125956243
NPL,0.40555555555555556,,0.49857142857142855,,0.4462962962962963,0.8657142857142857,0.7785714285714286,0.38796296296296295,0.13333333333333333,0.4626785714285714,0.5777777777777777,0.4083333333333333,,0.2037037037037037,0.0303030303030303,0.8010119047619048,0.5690592366,8.55,0.02835037125,0.02462311675
BHS,0.6058333333333333,0.39035087719298245,0.4276190476190476,0.42592592592592593,0.7058823529411765,0.28964285714285715,0.7660714285714285,0.275,,0.5598214285714286,,0.565,0.5027777777777778,0.6764705882352942,,0.23773809523809525,0.52806299935,10.5,0.03903576005,0.01013902935
BHR,0.4880952380952381,0.8055555555555555,0.2926190476190476,0.8544642857142858,0.9178571428571429,0.7390476190476191,0.7332142857142857,0.8055555555555555,0.7,0.5347619047619048,0.5791666666666666,0.4270833333333333,0.8986904761904763,0.8916666666666666,0.6900000000000001,0.7432142857142857,0.56888351915,6.35,0.024931833100000002,0.009763029500000001
MNP,,,,,,,,,,,,,,,,,0.07286389115,0.0,0.020590822,0.008395620150000001
GBR,0.9211309523809523,0.5658333333333333,0.5341666666666667,0.6908928571428572,0.6758333333333333,0.6664285714285715,0.80625,0.37470238095238095,0.8966666666666667,0.6408333333333334,0.7666666666666667,0.41291666666666665,0.8705952380952381,0.4149999999999999,0.8483333333333333,0.550595238095238,0.7115271283,17.15,0.055997958449999996,0.0123708336
DMA,,0.21428571428571427,0.2399404761904762,0.2525,0.8098809523809523,0.2469642857142857,0.5064285714285715,,0.08333333333333333,0.6556547619047619,0.3854166666666667,,0.5783333333333334,0.7335714285714285,0.16666666666666666,0.23523809523809525,0.48552357849999994,7.95,0.040056066550000005,0.0110098933
WBG,0.8956140350877192,0.3464912280701754,0.3235294117647059,0.6447368421052632,0.7105263157894737,0.6675438596491228,0.5447368421052632,0.4859649122807017,0.03125,0.8148148148148148,0.03125,0.23245614035087717,0.8508771929824562,0.6929824561403508,0.0,0.5175438596491228,0.7265497952000001,18.8,0.10196198715,0.020587772799999998
BIH,0.28703703703703703,0.7760416666666666,0.869298245614035,0.8916666666666667,0.5069047619047619,0.1901190476190476,0.7753571428571429,0.537037037037037,0.7125,0.6712962962962963,0.5041666666666667,0.33333333333333337,0.6805555555555556,0.5577380952380953,0.6481481481481481,0.2363095238095238,0.57151016065,10.75,0.0383617589,0.0103568379
HUN,0.6599999999999999,0.73,0.6557142857142857,0.4841666666666667,0.6703703703703704,0.4883333333333333,0.2791666666666667,0.4583333333333333,0.655,0.2694047619047619,0.9733333333333334,0.7275,0.48,0.825,0.675,0.45583333333333337,0.5963156347,3.8,0.0239168845,0.01134092365
LMC,,0.6666666666666666,,,,,,,,0.44011904761904763,,,,,,,0.11769405,0.0,0.02387758595,0.008484960699999999
AGO,,,0.6458333333333333,0.7587719298245613,0.8888888888888888,0.7366666666666666,0.5825,,0.5796296296296296,0.6898809523809524,0.9148148148148147,,0.8,0.9472222222222223,0.6898148148148148,0.8083333333333333,0.45237714325,0.0,0.021431506750000003,0.01370153805
OSS,,,,,,,,,,0.3330952380952381,,,,,,,0.10094202290000001,0.0,0.020292905899999998,0.0085767235
WSM,,0.65,0.016666666666666666,0.6388888888888888,0.6759259259259259,,0.7075,,0.0,0.4458333333333333,,,0.8627450980392156,0.4117647058823529,0.0,,0.31744737315,3.4,0.0227029356,0.0095085728
NAC,,0.16999999999999998,,,,,,,,0.7,,,,,,,0.1454003996,0.0,0.020371417450000002,0.010258036049999999
FRA,0.7241666666666666,0.43154761904761907,0.5795833333333333,0.6680357142857143,0.595,0.6922619047619047,0.525,0.61625,0.606140350877193,0.625,0.8929824561403508,0.4309523809523809,0.6958928571428571,0.6816666666666666,0.643859649122807,0.42244047619047614,0.7626062540499999,19.75,0.07652189605000001,0.012506768299999999
TMP,0.6916666666666667,,0.45098039215686275,0.125,0.29166666666666663,0.5916666666666667,0.48,0.4444444444444444,,0.7794117647058824,,0.5078947368421053,0.171875,0.16145833333333331,,0.5842105263157894,0.43914889645,7.2,0.02657911965,0.0103329568
LMY,,,,,,,,,,0.28095238095238095,,,,,,,0.1179642659,0.0,0.0219649284,0.0141512617
MOZ,0.7545238095238095,,0.09649122807017543,0.6041666666666666,0.9375,0.8714285714285713,0.6773809523809524,0.8630952380952381,0.0,0.5658333333333333,0.0,0.7511904761904762,0.9705882352941176,0.9411764705882353,0.0,0.911547619047619,0.56909614145,9.3,0.04489493445,0.01116050405
NAM,0.6611904761904761,0.37820512820512825,0.32916666666666666,0.505,0.6508333333333333,0.8808333333333334,0.6878571428571428,0.8808333333333334,0.6950000000000001,0.3888888888888889,0.6783333333333333,0.6420238095238096,0.6,0.6358333333333334,0.6708333333333333,0.8791666666666667,0.5870363266,1.45,0.021823978299999998,0.01164969715
PER,0.7125,0.6875,1.0,0.6883333333333332,0.6823809523809523,0.9294642857142857,0.6571428571428571,0.5776785714285715,0.8083333333333333,0.45,0.9275,0.5696428571428571,0.5633333333333334,0.6758333333333334,0.615,0.9160714285714286,0.60791349425,3.8,0.02966788105,0.0137315463
DNK,0.806904761904762,0.8135714285714286,0.25916666666666666,0.4431547619047619,0.9342105263157895,0.7710714285714285,0.6678571428571429,0.34964285714285714,0.9007142857142858,0.5544642857142856,0.5952380952380952,0.23440476190476192,0.4488095238095238,0.9379629629629629,0.8528571428571429,0.4252976190476191,0.98329761615,19.2,0.1854134915,0.024438907000000003
GTM,0.69375,0.2833333333333333,0.7820238095238096,0.6147619047619047,0.25438596491228066,0.7839285714285714,0.7053571428571429,0.8008771929824562,0.8358333333333332,0.6125,0.6208333333333333,0.49107142857142855,0.6402380952380952,0.49509803921568624,0.865,0.6482142857142856,0.98054874775,20.0,0.20739266875,0.020075382250000003
FRO,,,,,,0.20416666666666666,,,,,,,,,,0.15833333333333333,0.1365449678,0.0,0.0206407214,0.0085675756
SLB,,,0.5539880952380952,0.9483333333333335,0.7091666666666667,0.7983333333333333,0.2676190476190476,,,0.4998809523809523,,,0.9649122807017543,0.7125,,0.79,0.3660011387,0.15,0.0207114246,0.011030155199999999
SLE,0.6433333333333333,,0.7254166666666666,0.8333333333333334,0.8425925925925926,1.0,0.8276785714285714,0.8676470588235294,,0.5696428571428571,,0.5983333333333334,0.8072916666666666,0.8431372549019608,,0.9708333333333334,0.44104049424999997,1.7,0.021283517699999997,0.0113052443
SLV,0.8458333333333334,0.2325,,0.6891666666666667,0.3175,0.6708333333333333,0.7991071428571429,0.775,0.7958333333333333,0.3875,0.7958333333333333,0.48065476190476186,0.7082142857142857,0.34750000000000003,0.8291666666666666,0.5592261904761905,0.5834914011000001,13.65,0.0343108836,0.0109377939
GUM,,0.5,,,,,,,,,,,,,,,0.1007307687,0.0,0.02135370765,0.00911530315
FSM,,,0.624561403508772,0.6428571428571429,0.42857142857142855,,0.6583333333333333,,,,,,0.7857142857142857,0.7142857142857143,,,0.18232817815,2.45,0.02133048185,0.0120658504
DOM,0.8866071428571429,0.5791666666666667,0.7283333333333333,0.48583333333333334,0.9091666666666667,0.8625,0.6625,0.6499404761904761,0.9458333333333334,0.43125,0.8008333333333333,0.7089285714285715,0.4766666666666667,0.8991666666666667,0.9525,0.8410714285714287,0.81932304065,15.15,0.11135639795,0.015174474899999998
CMR,0.6080357142857143,0.1,0.5416666666666667,0.5650000000000001,0.9775,0.7375,0.27232142857142855,0.42321428571428565,0.6875,0.48059523809523813,0.96875,0.6392857142857143,0.48250000000000004,0.9491666666666667,0.78125,0.7160714285714286,0.55582611665,3.85,0.0225789416,0.0117570769
GUY,,,0.6183333333333334,0.6474937343358396,0.955639097744361,0.9107142857142858,0.42053571428571423,,,0.23796296296296296,,,0.7027380952380953,0.8131578947368421,,0.9116071428571428,0.3608430672,3.15,0.0221711383,0.0091772004
AZE,0.6866666666666668,0.7549019607843137,0.35462962962962963,0.7675438596491229,0.5131578947368421,0.5691666666666666,0.6016666666666667,0.6725,0.10784313725490195,0.5325,0.6666666666666667,0.7033333333333334,0.8592592592592593,0.7731481481481481,0.16666666666666666,0.6108333333333333,0.70942592915,12.7,0.07931242819999999,0.01291169325
OEC,,0.11666666666666665,,,,,,,,0.56875,,,,,,,0.13332155425,0.0,0.021634553549999998,0.01007604925
MAC,0.6114285714285714,0.24666666666666667,0.445,0.9803921568627452,0.8382352941176471,0.7314285714285714,0.7314285714285714,0.9466666666666667,0.5658333333333333,0.2742857142857143,0.5075000000000001,0.5583333333333333,0.9509803921568628,0.7990196078431373,0.755,0.7258333333333333,0.5931899686500001,7.25,0.036092280399999996,0.010261256350000001
OED,,0.1554761904761905,,,,,,,,0.6375,,,,,,,0.1325452459,0.0,0.0197122635,0.0086705667
GEO,0.7291666666666667,0.6064814814814814,0.7807017543859649,0.8564814814814814,0.20833333333333334,0.75625,0.4458333333333333,0.43166666666666664,0.5833333333333334,0.4583333333333333,0.2962962962962963,0.17833333333333332,0.8508771929824562,0.21491228070175436,0.7824074074074074,0.7754166666666666,0.8720405044999999,12.95,0.15411166115,0.0165361846
TON,,,0.28035714285714286,0.6538461538461539,0.7444444444444444,0.7439880952380953,0.38726190476190475,,,0.5482142857142858,,,0.6071428571428571,0.5666666666666667,,0.7317857142857143,0.31884082955,1.0,0.01996213215,0.0087328345
MAF,,,,,,,,,,,,,,,,,0.07232397195,0.0,0.0195352922,0.010688865799999999
EAP,,0.041666666666666664,,,,,,,,0.5183333333333333,,,,,,,0.11887887395,0.0,0.0192512831,0.00932470475
EAS,,0.11538461538461539,,,,,,,,0.47619047619047616,,,,,,,0.1225861802,0.0,0.01977393265,0.012889237100000001
NCL,,,,0.5277777777777778,0.20833333333333334,0.7954545454545454,0.2851190476190476,,,,,,0.28846153846153844,0.38461538461538464,,0.8166666666666667,0.21142618905,0.0,0.02123840565,0.0085895473
FCS,,,,,,,,,,0.3816666666666667,,,,,,,0.1016543535,0.0,0.01956433135,0.00913015055
SMR,,0.793859649122807,0.5675,,,,0.714047619047619,,0.925925925925926,0.607843137254902,,,,,0.9444444444444444,,0.24485671875,1.1,0.0195195045,0.01056073955
ERI,0.6641666666666667,,,,,0.6791666666666667,0.8633333333333333,0.4444444444444444,,,,0.41,,,,0.6258333333333332,0.25727252195,3.15,0.0209894204,0.0096188022
MAR,0.7321428571428571,0.34210526315789475,0.5684210526315789,0.6625,,0.7848214285714286,0.7669642857142857,0.5925925925925926,0.9083333333333334,0.54375,0.65,0.5910714285714286,0.5108333333333334,,0.7983333333333333,0.8321428571428571,0.57553889315,9.65,0.035521498,0.01245364835
KNA,,,0.26666666666666666,0.6111904761904762,0.8047619047619048,0.5811904761904761,0.5855952380952381,,0.312280701754386,0.6690476190476191,0.33771929824561403,,0.24666666666666667,0.8303571428571429,0.42416666666666664,0.43773809523809526,0.48948631015000005,3.75,0.0263709431,0.01139903055
VCT,,0.5714285714285714,0.19952380952380952,0.7316666666666667,0.7583333333333333,0.5103571428571428,0.6625,,,0.5477380952380952,,,0.8191666666666666,0.775,,0.5023809523809524,0.40828447865,5.0,0.024855858050000002,0.0138794214
BLR,0.7824561403508772,,0.8105263157894737,0.9763157894736842,0.89375,0.7973684210526316,0.7017543859649124,0.4447368421052631,0.9518518518518518,0.6900000000000001,0.8407407407407407,0.6641666666666667,0.9208333333333334,0.8777777777777778,0.8552631578947368,0.74,0.6363506985,6.85,0.05901006075,0.013167318450000002
MRT,0.55625,,0.31142857142857144,0.08333333333333333,0.625,0.8875,0.6196428571428572,0.7026785714285715,,0.27166666666666667,,0.4303571428571429,0.041666666666666664,0.6875,,0.8544642857142858,0.4554632543,4.65,0.02883349425,0.013459107549999998
BLZ,0.6913095238095238,0.057692307692307696,0.6075,0.7725,0.5941666666666666,0.5613095238095238,0.8348214285714286,0.30297619047619045,0.7725,0.6286904761904762,0.5241666666666667,0.36154761904761906,0.7233333333333334,0.7166666666666667,0.7308333333333333,0.5276190476190477,0.67107021165,9.95,0.04217980725,0.011492902400000001
PHL,0.7633928571428571,0.6568627450980392,0.3794047619047619,0.7453571428571428,0.6029411764705882,0.8142857142857143,0.8732142857142857,0.4125,0.5983333333333334,0.53125,0.7091666666666667,0.675,0.5875,0.49509803921568624,0.5883333333333333,0.8169642857142858,0.63816760345,4.9,0.02626803765,0.0115636054
COG,0.7803571428571429,,0.23797619047619048,0.5307017543859649,0.8991228070175438,0.8991071428571429,0.36160714285714285,0.65,0.6692982456140351,0.20309523809523808,0.9631578947368421,0.7660714285714285,0.47368421052631576,0.7192982456140351,0.6375,0.8928571428571429,0.61714766185,3.45,0.02506594385,0.01265045405
PYF,,0.0,,0.6617647058823529,0.8833333333333333,,0.4041666666666666,,,,,,0.3555555555555555,0.8214285714285714,,,0.26048584734999997,0.15,0.02137565085,0.0244406168
URY,0.76875,0.5441666666666667,0.43571428571428567,0.8405952380952382,0.7916666666666666,0.8866071428571429,0.7875,0.7741071428571429,0.6375,0.275,0.7633333333333334,0.6821428571428572,0.7455952380952381,0.8888888888888888,0.6358333333333334,0.9035714285714287,0.75045530925,13.7,0.08421136935,0.01409135925
COM,0.8303571428571429,,0.6575,0.7,0.13020833333333334,0.7645238095238096,0.8145238095238095,0.32476190476190475,,0.2719298245614035,,0.4841666666666667,0.6,0.3125,,0.76,0.4259035226,4.8,0.0215039766,0.00895269485
COL,0.6455357142857142,0.765,0.6323809523809524,0.9105357142857142,,0.8553571428571429,0.6241071428571429,0.8232142857142858,0.6166666666666667,0.6375,0.7611111111111111,0.5714285714285714,0.8798214285714285,,0.45588235294117646,0.8410714285714287,0.5275963196,8.9,0.03294244805,0.0099272622
ECA,,0.5444444444444444,,,,,,,,0.12833333333333333,,,,,,,0.12366901065,0.0,0.019545636999999998,0.009863883350000002
USA,0.8053571428571429,0.6797619047619048,0.7,0.7538095238095238,0.48166666666666663,0.7241071428571428,0.9098214285714287,0.7053571428571429,0.6966666666666667,0.4875,0.8666666666666666,0.70625,0.8292857142857143,0.61,0.505,0.5267857142857143,0.59180155605,9.6,0.0262263737,0.010893251900000001
HIC,,0.44333333333333336,,,,,,,,0.659047619047619,,,,,,,0.13224277025,0.0,0.0196843641,0.0103733097
ESP,0.8392261904761904,0.8757142857142858,0.5758333333333333,0.8450595238095238,0.40083333333333326,0.6608928571428571,0.9,0.6516071428571428,0.6464912280701754,0.49375,0.2692982456140351,0.45095238095238094,0.8141666666666667,0.4341666666666667,0.71,0.6378571428571428,0.79040527845,20.65,0.09053688125,0.0176242019
EST,0.7130952380952381,0.7424999999999999,0.6978571428571428,0.7277380952380953,0.7328571428571429,0.5745238095238095,0.36666666666666664,0.605,0.9875,0.27976190476190477,0.16416666666666666,0.5301190476190476,0.6823809523809523,0.7516666666666667,0.9166666666666666,0.6345238095238095,0.5913067776,2.85,0.021344731,0.010337374
BMU,,0.14285714285714285,,0.20512820512820512,,0.6458333333333334,0.5473214285714285,,,,,,0.02564102564102564,,,0.8,0.18188549375,2.65,0.0203468809,0.00864856625
ZMB,0.9816666666666667,0.8177083333333334,0.8117857142857143,0.9035087719298246,0.9398148148148149,,0.8285714285714286,0.709702380952381,0.6361111111111111,0.6239285714285714,,0.9775,0.7350877192982456,0.9342105263157895,0.6157407407407408,,0.4736969386,6.05,0.023849202150000002,0.01057570105
KOR,0.8642857142857142,0.6198809523809523,0.6027380952380953,0.6832142857142858,0.9441666666666666,0.8848214285714286,0.5866071428571429,0.6776785714285715,0.6017543859649123,0.6761309523809523,0.8385964912280702,0.5883928571428572,0.8102976190476191,0.9166666666666666,0.712280701754386,0.6625,0.72535975605,18.75,0.07967611695,0.01243284495
LAC,,0.5375,,,,,,,,0.68125,,,,,,,0.13879999795,0.0,0.0197878966,0.012809927700000001
SOM,0.8175000000000001,,,,,0.9233333333333335,0.72,0.14250000000000002,,,,0.48083333333333333,,,,0.9066666666666666,0.2587859258,1.1,0.02085089265,0.0084295324
ECS,,0.1775,,,,,,,,0.6866666666666666,,,,,,,0.1320691903,0.0,0.02075243275,0.01008759085
VUT,0.42105263157894735,,0.27964285714285714,0.6166666666666667,0.37583333333333335,0.6433333333333333,0.628452380952381,0.5964912280701755,0.7083333333333334,0.6233333333333333,0.5520833333333333,0.6176470588235294,0.5333333333333333,0.3975,0.717948717948718,0.6783333333333333,0.51806688665,5.75,0.022572529799999998,0.01001449385
ECU,0.6455357142857143,0.3325,0.8025,0.4658333333333333,0.8733333333333333,0.8678571428571429,0.6071428571428571,0.81875,0.038461538461538464,0.625,0.34615384615384615,0.6952380952380952,0.6691666666666667,0.9400000000000001,0.08333333333333333,0.8598214285714286,0.64521809925,18.35,0.0554277746,0.01284002145
ALB,0.3851851851851852,0.05555555555555555,0.5591666666666667,0.375,0.6824561403508772,0.6491666666666667,0.8545833333333335,0.38796296296296295,0.023809523809523808,0.6533333333333333,0.023809523809523808,0.19351851851851853,0.7549019607843137,0.7777777777777778,0.038461538461538464,0.6641071428571428,0.5459364429,8.35,0.036662863000000004,0.01065053625
ETH,0.1111111111111111,0.4583333333333333,0.6516666666666666,,0.8125,0.9208333333333334,0.8353571428571428,,0.7708333333333333,0.3880952380952381,,0.0,,0.8611111111111112,0.775,0.9125,0.41489454104999995,0.9,0.0207527178,0.00918623415
MCO,,,,,,,0.4365476190476191,,,,,,,,,,0.10723376505,0.0,0.01997846125,0.01029126465
NER,0.09999999999999999,,0.10166666666666666,0.02962962962962963,0.3462962962962963,0.8303571428571429,0.8205357142857143,0.03125,,0.7238095238095238,,0.18823529411764706,0.15882352941176472,0.4215686274509804,,0.8375,0.4499661446,5.3,0.027243175050000002,0.012528113099999998
LAO,0.618421052631579,0.0,0.043859649122807015,0.875,,0.9025000000000001,0.8158333333333333,0.10526315789473684,0.03571428571428571,0.5033333333333333,0.75,0.5375,0.8214285714285714,,0.3333333333333333,0.4725,0.46371598645,4.65,0.0226709611,0.0103908643
VEN,0.694047619047619,0.4254385964912281,0.6675,0.6105952380952381,,0.9604166666666666,0.6964285714285714,0.8571428571428571,0.6,0.4758928571428571,0.22916666666666666,0.6589285714285714,0.8539285714285715,,0.6333333333333333,0.9544642857142858,0.6123448438000001,10.7,0.050223479550000005,0.0118816407
GHA,0.5333333333333333,,0.8375,0.0,0.15833333333333333,0.9357142857142857,0.8794642857142858,0.23333333333333334,0.6583333333333333,0.7310714285714286,0.5287037037037037,0.3777777777777777,0.02222222222222222,0.03645833333333333,0.6574074074074074,0.9303571428571429,0.53109328345,6.45,0.0283987604,0.01105845365
CPV,0.25,,0.28964285714285715,0.5833333333333333,0.5925,0.0625,0.728452380952381,,0.125,0.3491666666666667,0.0,0.0625,0.5833333333333334,0.5341666666666667,0.05555555555555555,0.0625,0.3833983273,6.2,0.02446763285,0.00965827165
MDA,0.11764705882352941,0.4333333333333333,0.28833333333333333,0.4666666666666666,0.8833333333333334,0.5958333333333333,0.43809523809523815,0.825,0.6375,0.5516666666666666,0.17083333333333334,0.1,0.6025,0.8150000000000001,0.675,0.6333333333333333,0.739018747,10.7,0.0801355013,0.0129783496
MDG,0.6107142857142857,0.0,0.6858333333333333,0.7857142857142857,0.9525,0.8276785714285714,0.6410714285714285,0.3732142857142857,0.8608333333333332,0.34404761904761905,0.655,0.6446428571428571,0.5833333333333334,0.925,0.825,0.8232142857142858,0.55752438545,3.85,0.02340785685,0.0113788542
LBN,0.6291666666666667,,0.5944047619047619,0.7412280701754387,0.6447368421052632,0.8574999999999999,0.5627380952380953,0.2808333333333334,0.20701754385964913,0.0,0.7280701754385965,0.6433333333333333,0.6666666666666666,0.7675438596491229,0.3701754385964912,0.8300000000000001,0.5307164287,5.55,0.0262842243,0.009178853300000001
LBR,0.4383333333333333,,0.5214285714285715,0.0,0.75,0.47333333333333333,0.29642857142857143,0.755,,0.1375,,0.6166666666666667,0.0,0.7058823529411765,,0.5,0.42757602920000004,8.9,0.0317047606,0.01057507395
BOL,0.5848214285714286,0.21416666666666667,0.8572619047619048,0.7666666666666667,0.8240740740740741,0.8455357142857143,0.6357142857142857,0.45714285714285713,,0.50625,,0.5758928571428571,0.7266666666666667,0.793859649122807,,0.8428571428571429,0.50032410535,0.05,0.02083692875,0.00957876295
MDV,0.45,0.045454545454545456,0.1575,0.42948717948717946,0.21794871794871792,0.6127450980392156,0.27083333333333337,0.65,0.8225,0.5725,0.10784313725490195,0.25,0.7564102564102565,0.5641025641025641,0.8483333333333333,0.6111111111111112,0.5097346742,5.4,0.02420454115,0.0107440373
LBY,,,0.7604761904761904,0.9166666666666666,,0.905,0.6125,,,0.5378571428571428,,,0.9419047619047619,,,0.8775000000000001,0.29890186615,1.0,0.020637159250000002,0.008852753100000001
EUU,,0.16833333333333333,,,,,,,,0.5125,,,,,,,0.13254253865,0.0,0.01986102195,0.00981329935
HKG,0.6667857142857143,0.47105263157894733,0.5058333333333334,0.4745614035087719,0.7140350877192982,0.6964285714285714,0.8508333333333333,0.33999999999999997,0.02222222222222222,0.44440476190476186,0.3111111111111111,0.38529761904761906,0.4526315789473684,0.7008771929824561,0.15476190476190474,0.6223214285714286,0.68471381385,18.1,0.06291192155,0.013678568799999999
MEA,,,,,,,,,,0.4392261904761905,,,,,,,0.1128841075,0.0,0.0227326873,0.0086813103
CAF,0.6342592592592592,,0.26,,,0.8857142857142858,0.4580357142857143,0.4166666666666667,0.10256410256410256,0.7004761904761905,0.8717948717948718,0.4087719298245614,,,0.0,0.8982142857142857,0.38713404575,6.1,0.02345995085,0.0101219877
LSO,0.7214285714285714,,0.3960714285714286,0.37745098039215685,0.6791666666666666,0.8294642857142858,0.7267857142857143,0.7267857142857144,0.5277777777777778,0.6196428571428572,0.4166666666666667,0.7857142857142857,0.2592592592592593,0.775,0.5614035087719298,0.8321428571428571,0.6870569874,13.15,0.08563611615,0.01591957815
NGA,0.8032142857142857,,0.4598809523809524,0.8783333333333333,0.9035087719298246,0.8858333333333335,0.8607142857142858,0.4895833333333333,0.7222222222222222,0.60625,0.6203703703703703,0.7340476190476191,0.9191666666666667,0.8464912280701754,0.7058823529411765,0.8966666666666667,0.6877578053,10.35,0.08418717465,0.01412458775
MUS,0.7026190476190476,0.7950980392156862,0.5273809523809524,0.6133333333333334,,0.6913095238095238,0.5198809523809523,0.6541666666666667,0.7956140350877193,0.42589285714285713,0.30087719298245613,0.5361309523809524,0.9483333333333335,,0.635,0.6314285714285715,0.5695249475999999,9.5,0.04261724865,0.0104603419
LCA,,0.23333333333333334,0.38535714285714284,0.8111904761904762,0.7201190476190475,0.8002380952380953,0.5104761904761904,,0.5245098039215685,0.2654166666666667,0.4215686274509804,,0.7858333333333334,0.7385714285714287,0.23958333333333331,0.6163095238095238,0.49673190194999994,10.15,0.03185186635,0.01114505835
JOR,0.7292857142857143,0.5350877192982456,0.3333333333333333,0.375,0.9479166666666666,0.7401190476190476,0.9388095238095238,0.482797619047619,0.7891666666666667,0.3832142857142857,0.8324999999999999,0.5797023809523809,0.640625,0.875,0.7541666666666667,0.7569047619047619,0.6044618421,11.45,0.036143234499999996,0.0135149346
GIN,0.7066666666666667,,0.49074074074074076,0.7552083333333334,0.7414786967418546,0.7570833333333333,0.44559523809523804,0.0784313725490196,,0.84375,,0.6341666666666667,0.5925925925925926,0.5775689223057644,,0.7920833333333334,0.4677339756,6.65,0.02911801615,0.00962170895
CAN,0.7108333333333333,0.628095238095238,0.64375,0.8419642857142857,0.6017857142857144,0.6692261904761905,0.7973214285714285,0.5031547619047619,,0.71875,,0.6845833333333333,0.8160714285714287,0.6553571428571429,,0.6683333333333333,0.5231516332,9.9,0.02984636275,0.00974863805
ROM,0.7424999999999999,0.515,0.6341666666666667,0.8175000000000001,0.8566666666666667,0.6849999999999999,0.7108333333333333,0.6541666666666667,0.7224999999999999,0.33416666666666667,0.7183333333333334,0.5591666666666667,0.8358333333333332,0.8691666666666666,0.6733333333333333,0.6950000000000001,0.74423464065,9.3,0.0802088832,0.012462026650000001
TCA,,0.1111111111111111,,,,,,,,,,,,,,,0.093043091,0.0,0.0211418553,0.0095282361
TCD,0.7412280701754387,,0.24166666666666664,,,0.7645833333333333,0.775,0.8614035087719298,,0.4477380952380952,,0.7692982456140351,,,,0.7892857142857144,0.317307563,0.0,0.0222673754,0.008368376149999999
IMY,,,,,,,0.587719298245614,,,,,,,,,,0.09715144635,0.0,0.019365473799999998,0.008266354
LCN,,0.6964912280701754,,,,,,,,0.5529761904761905,,,,,,,0.13917539925,0.0,0.02071085445,0.011346081749999999
CRI,0.67,0.3205952380952381,0.5244047619047618,0.8858333333333335,0.44999999999999996,0.8571428571428571,0.8669642857142857,0.4192982456140351,0.7548809523809524,0.575,0.809047619047619,0.6083333333333333,0.9117857142857142,0.55,0.7083333333333333,0.8651785714285714,0.7485957715,14.2,0.08483336215000001,0.014766956549999998
IND,0.7919642857142857,0.8846153846153846,0.40499999999999997,0.44000000000000006,0.1212121212121212,0.8991071428571429,0.8285714285714286,0.8482142857142858,0.8099999999999999,0.4875,0.95,0.7089285714285715,0.3591666666666667,0.303030303030303,0.8150000000000001,0.8946428571428571,0.55781189965,6.0,0.02491311015,0.00942624265
MEX,0.5142857142857143,0.6412280701754386,0.881578947368421,0.6991666666666666,,0.8053571428571429,0.34285714285714286,0.7044642857142857,0.7708333333333334,0.29732142857142857,0.59375,0.5589285714285714,0.721547619047619,,0.892156862745098,0.80625,0.600645703,15.65,0.0577396009,0.01386024235
SRB,0.5816666666666667,0.3645833333333333,0.7535087719298246,0.17708333333333334,0.875,0.5083333333333333,0.39916666666666667,,0.5454545454545454,0.43666666666666665,0.18181818181818182,0.4903508771929824,0.03125,0.8854166666666666,0.2692307692307692,0.443859649122807,0.62337004035,14.6,0.09142601225,0.0182989156
SAS,,0.65,,,,,,,,0.5431547619047619,,,,,,,0.11593884269999999,0.0,0.019778976900000002,0.00891690155
KAZ,0.4324561403508772,0.3157894736842105,,0.20614035087719298,0.8771929824561404,0.5868421052631579,0.47719298245614034,0.8254385964912281,0.34722222222222215,0.22807017543859648,0.06944444444444443,0.40438596491228074,0.18333333333333335,1.0,0.41666666666666663,0.5929824561403508,0.4999729557,1.7,0.0252899651,0.0088833027
SAU,0.18181818181818182,0.0,,0.48083333333333333,0.8333333333333334,0.8388095238095238,0.5797023809523809,,,0.4351190476190476,,0.03571428571428571,0.3882738095238095,0.7272727272727273,,0.8144047619047619,0.37419077675,3.65,0.02409773135,0.012938908800000001
JPN,0.7294047619047619,0.3583333333333333,0.6839285714285714,0.7236842105263158,0.7324561403508771,0.20619047619047617,0.8223214285714286,0.4226190476190476,,0.5375,,0.4479166666666667,0.4956140350877193,0.6578947368421053,,0.2521428571428571,0.53591488165,12.75,0.0376781539,0.013119100049999999
LDC,,,,,,,,,,0.20595238095238094,,,,,,,0.10039885509999999,0.0,0.01942571825,0.00832882105
LTU,0.6,0.525,0.9333333333333333,0.655,0.7083333333333333,0.4041666666666666,0.5,0.5666666666666667,0.7233333333333334,0.5066666666666666,0.55,0.5958333333333333,0.7375,0.7333333333333333,0.6208333333333333,0.5041666666666667,0.6009248958,7.6,0.0244795734,0.012483798899999999
TTO,0.32767857142857143,0.2210526315789474,0.49297619047619046,0.7712962962962963,,0.7348214285714285,0.7026785714285715,0.7130357142857143,0.537037037037037,0.40625,0.17592592592592593,0.5089285714285714,0.8254385964912281,,0.4666666666666667,0.7151785714285714,0.6395929203999999,11.45,0.07138226254999999,0.0123467247
INX,,,,,,,,,,,,,,,,,0.06846454465,0.0,0.01972409005,0.00844722945
PLW,,,,,,,0.5458333333333333,,,,,,,,,,0.1032380614,0.0,0.0205117406,0.008651587149999999
MWI,0.5350877192982456,,0.5154761904761905,0.9175000000000001,0.9298245614035089,0.8848214285714286,0.79375,0.0,,0.6538095238095238,,0.5740740740740741,0.905,0.9166666666666666,,0.8758928571428571,0.47005417974999997,8.4,0.0355824833,0.010633523
SSA,,,,,,,,,,0.49000000000000005,,,,,,,0.10406463969999999,0.0,0.019647430799999997,0.008331015649999999
CSS,,0.5916666666666667,,,,,,,,0.534345238095238,,,,,,,0.13292181595000002,0.0,0.02009832325,0.00861815925
SSD,0.0,,,,,0.34375,0.0,0.7333333333333333,,0.03333333333333333,,0.0,,,,0.5888888888888889,0.2403153966,0.2,0.0199322667,0.010181775899999999
SSF,,,,,,,,,,0.4886904761904762,,,,,,,0.11853747079999999,0.0,0.0206603281,0.01298325145
NIC,0.7675,0.3208333333333333,0.9428571428571428,0.47368421052631576,0.8420238095238096,0.7982142857142857,0.5071428571428571,0.6825,0.76,0.5784523809523809,0.425,0.5383333333333333,0.356140350877193,0.789047619047619,0.7358333333333333,0.8053571428571429,0.60711894765,4.35,0.0254355318,0.01115169825
FIN,0.6668452380952381,0.6341666666666667,0.5795238095238096,0.5885714285714285,0.5583333333333333,0.7791666666666667,0.8982142857142857,0.46291666666666664,0.5416666666666667,0.6375,0.6841666666666667,0.20422619047619048,0.6319642857142858,0.5700000000000001,0.6775,0.5425595238095238,0.62504724945,12.6,0.0298290646,0.0098206234
TUN,0.7340476190476191,0.5789473684210527,0.46315789473684216,0.6570238095238096,0.6866666666666666,0.6968452380952381,0.7985119047619047,0.375,0.48333333333333334,0.40535714285714286,0.4350877192982456,0.7291666666666667,0.6854761904761905,0.7308333333333333,0.45583333333333337,0.7086309523809524,0.5872859388,6.15,0.023671547100000002,0.01038864145
LUX,0.8387499999999999,0.6714285714285715,0.04083333333333333,0.5294117647058824,0.7254901960784315,0.7997023809523809,0.7678571428571429,0.9389880952380952,0.8412280701754387,0.5625,0.4789473684210526,0.6895833333333333,0.6617647058823529,0.446078431372549,0.8517543859649123,0.6863690476190476,0.6950208660499999,18.85,0.07129503085,0.01197844775
UGA,0.8872619047619047,0.0,0.31142857142857144,0.22807017543859648,0.9275,0.9044642857142857,0.6869047619047619,0.5605952380952381,0.837962962962963,0.43666666666666665,1.0,0.5992857142857143,0.15000000000000002,0.925,0.7222222222222222,0.8857142857142858,0.63140254145,6.45,0.0434184352,0.013687773650000002
KSV,0.45098039215686275,,0.6851851851851851,0.5,0.8518518518518517,0.4305555555555556,0.4973684210526315,0.4666666666666667,,0.38425925925925924,,0.3020833333333333,0.5046296296296295,0.8981481481481483,,0.36764705882352944,0.4351597471,7.15,0.02710729765,0.0120931799
BRA,0.74375,0.5342105263157895,0.29912280701754385,0.7703571428571429,0.5982456140350877,0.8919642857142858,0.4732142857142857,0.46815476190476185,0.7517543859649123,0.4353571428571429,0.5587719298245615,0.45982142857142855,0.7860714285714285,0.4973684210526315,0.7596491228070176,0.8919642857142858,0.71165223345,14.95,0.06912711834999999,0.01215581805
TUR,0.6969047619047619,0.641904761904762,,0.8541666666666666,0.6527777777777778,0.8714285714285716,0.7946428571428571,0.7528571428571429,0.9,0.49375,0.7208333333333333,0.5427380952380952,0.8661904761904762,0.3111111111111111,0.9444444444444444,0.8491071428571428,0.61128082165,15.05,0.0498885165,0.01072200855
BRB,0.5411904761904761,0.49185463659147866,0.6314285714285715,0.7713095238095238,0.8333333333333334,0.7230952380952381,0.395,,0.0625,0.31839285714285714,0.125,0.6,0.9068452380952381,1.0,0.3333333333333333,0.5289285714285714,0.6722671473,14.8,0.09177351419999999,0.015208529600000001
TUV,,,,0.6428571428571429,0.10714285714285714,,0.32166666666666666,,,,,,0.7142857142857143,0.03571428571428571,,,0.21115671395,2.1,0.022717697449999998,0.009751858450000001
DEU,0.4786309523809524,0.5734523809523809,0.3983333333333333,0.6173809523809524,0.6144642857142857,0.5263690476190476,0.35124999999999995,0.7048809523809524,0.7116666666666667,0.7649999999999999,0.7150000000000001,0.557797619047619,0.8295833333333335,0.6264285714285714,0.7666666666666666,0.5100595238095238,0.68811915725,16.9,0.0475883745,0.0156308099
SST,,,,,,,,,,0.49434523809523806,,,,,,,0.10418467255,0.0,0.01958849755,0.009805947249999999
EGY,0.64625,0.25916666666666666,0.5398809523809524,0.8366666666666667,0.8771929824561404,0.846845238095238,0.7983333333333333,0.7917857142857143,0.8859649122807017,0.48125,0.8254385964912281,0.544345238095238,0.8825,0.9192982456140352,0.9736842105263158,0.8321428571428571,0.7343532028,9.25,0.08339787130000001,0.01222461165
LVA,0.7982456140350876,0.45789473684210524,0.8447368421052632,0.4368421052631579,0.587962962962963,0.4280701754385965,0.4982456140350877,0.8096491228070175,0.8026315789473685,0.29035087719298247,0.3833333333333333,0.4728070175438596,0.293859649122807,0.44298245614035087,0.6271929824561403,0.7149122807017543,0.7710440793,13.85,0.10399678665,0.015605161949999998
JAM,0.641025641025641,0.6546296296296297,0.7279166666666667,0.6275000000000001,0.6596491228070175,0.7773214285714285,0.33601190476190473,0.641025641025641,0.9394736842105263,0.6,0.4212962962962963,0.717948717948718,0.7026315789473684,0.5666666666666667,0.9692982456140351,0.7621428571428571,0.655787787,10.6,0.0542021701,0.01319986315
ZAF,0.8223214285714286,0.6715686274509803,0.4375,0.6976190476190476,0.7587719298245613,0.8151785714285713,0.8151785714285713,0.63125,0.8561904761904762,0.5348214285714286,0.3069047619047619,0.38571428571428573,0.7155952380952381,0.8558823529411765,0.8916666666666666,0.8071428571428572,0.7921409362999999,14.85,0.0960194286,0.017403600499999998
VIR,,,,,,,0.3208333333333333,,,,,,,,,,0.10634346555,0.0,0.02263625085,0.00928785745
BRN,0.7408333333333333,,,0.5416666666666666,0.2555555555555556,0.7041666666666666,0.7045238095238096,0.6658333333333333,,0.6310714285714286,,0.44833333333333336,0.334375,0.16666666666666666,,0.7491666666666668,0.41797532305,6.65,0.027357793000000002,0.009827177900000001
HND,0.7026785714285715,0.3958333333333333,0.6425,0.9458333333333334,0.8258333333333333,0.9,0.7589285714285714,0.7351190476190477,0.7352941176470589,0.36875,0.5441176470588235,0.625,0.9732142857142858,0.8525,0.7135416666666666,0.8223214285714286,0.73074600955,16.2,0.08369290895,0.0139515778
